,Title,Price,Brand,Model Name,Colour,Headphones Form Factor,Connector Type,Wireless Communication Technology,Cable Type,Compatible Device,Special Feature,Series,Form Factor,Connectivity Technology,Connectivity technologies,Mounting Hardware,Wireless communication technologies,Connectivity Type
0,(Renewed) boAt Rockerz 550 Bluetooth Over-Ear Wireless Headphone with Ergonomic Aesthetics Plush Padded Earcups Immersive Audio Bluetooth v5.0 & Upto 20H Playback (Black),,boAt,Rockerz 550,Active Black,Over Ear,Wireless,,,,,,,,,,,
1,"Newly Launched Boult Audio Z25 with 32H Playtime, 45ms Low Latency, Type-C Fast Charging (10=150Mins), 13mm Rich Bass Drivers, Zen™ ENC Mic, TWS Bluetooth 5.3 True Wireless Airbass Earbuds (Blue Moss)","1,298",Boult Audio,AirBass,Blue Moss,In Ear,Wireless,,,,,,,,,,,
2,ZEBRONICS Zeb-Bang Bluetooth Wireless Over Ear Headphones with Mic (Orange),699,ZEBRONICS,Zeb-Bang,Orange,Over Ear,"Wireless, Bluetooth 5.0",,,,,,,,,,,
3,"Earphones Headphones for Xiaomi Redmi Note 9 Pro Earphone Original Like Wired Stereo Deep Bass Head Hands-free Headset Earbud With Built in-line Mic, With Premium Quality Good Sound Call Answer/End Button, Music 3.5mm Aux Audio Jack (MP9-831, Black)",NaN,Shop Reals,Xiaomi Redmi Note 9 Pro,Multicolour,In Ear,Wired,,,,,,,,,,,
4,Dylect in-Ear Wired Earphone I Stereo Quality Sound I High Bass I in-Built Mic I 1.2m Tangle Free Cable I 3.5mm Aux Port (Black),188,Dylect,Dylect Wired Earphone,Black,In Ear,Wired,,,,,,,,,,,
5,"Mivi Collar Flash Bluetooth Wireless in Ear Earphones,24 Hours Battery Life, Booming Bass, IPX4 Sweat Proof, Passive Noise Cancellation, Bluetooth 5.0 with mic (Red)",899,Mivi,Collar Flash,Red,In Ear,Wireless,,,,,,,,,,,
6,"ZEBRONICS Zeb-Thunder Wireless Bluetooth Over The Ear Headphone FM, mSD, 9 hrs Playback with Mic (Brown)",599,ZEBRONICS,Zeb-Thunder(brown),Brown,Over Ear,"Wireless, Wired",,,,,,,,,,,
7,"Boult Audio X30 True Wireless in Ear Earbuds with 40H Playtime, Quad Mic ENC, 45ms Xtreme Low Latency, Made in India, Type-C Fast Charging, 3 Equalizer Modes (Rock, BoomX, Hi-Fi), BT 5.1 (Blue)","1,499",Boult Audio,AirBass,Blue,In Ear,Wireless,,,,,,,,,,,
8,"UBON Earphones with Mic, Sports Series UB-113, in Ear Wired Headphone for Extra Bass & HD Sound, 10mm Dynamic Driver, 3.5 mm Audio Jack Compatible with Mobile Phones, Tablets & Laptops (Yellow)",199,UBON,Sports Series,Yellow,In Ear,Wired,,,,,,,,,,,
9,"Wireless Bluetooth Headphones Earphones for Samsung Galaxy A53 5G Original Sports Bluetooth Wireless Earphone with Deep Bass and Neckband Hands-Free Calling inbuilt With Mic, Extra Deep Bass Hands-Free Call/Music, Sports Earbuds, Sweatproof Mic Headphones with Long Battery Life and Flexible Headset ( SPT15,RKZ-335,BLACK)",449,Shop Reals,Samsung Galaxy A53 5G,Mix,In Ear,Wireless,,,,,,,,,,,
10,"GoSale Wireless Bluetooth Headphones Earphones for Samsung Galaxy A12 / A 12, A22 / A 22, F12 / F 12, F41 / F 41, F62 / F 62, Fold Lite, M12 / M 12, M12s / M 12 s Earphone Bluetooth Wireless Neckband Flexible In-Ear Headphones Headset With Mic, Extra Deep Bass Hands-Free Call/Music, Sports Earbuds, Sweatproof (HBS1, Multi)","1,299.",GoSale,,Multicolour,In Ear,Bluetooth,Bluetooth,,,,,,,,,,
11,"CableCreation 3.5mm TRS Aux Cable, Braided Audio Auxiliary Input Adapter Male to Male for Car, Hi-Fi Sound, Cotton Compatible with Headphone, Galaxy S22, Phone, Home Stereo, Car Stereo&More",599,CableCreation,,"Gold, White, Black",,Auxiliary,,AUX,"Laptop, Television, Personal Computer, Smartphone",,,,,,,,
12,"Boult Audio Truebuds with 30H Playtime, IPX7 Waterproof, Made in India, Type C Fast Charging (10Min=100Mins), Rich Bass, Pro+ Calling HD Mic, IPX5 Airbass Bluetooth True Wireless Earbuds (Grey)","1,199",Boult Audio,AirBass,Grey,In Ear,Wireless,,,,,,,,,,,
13,"UBON Earphones Bluetooth Headphones CL-5610 Platinum Series, Wireless Neckband with Up to 25 Hours Playtime, TF Card Slot, Magnetic Earbuds, v5.0 Bluetooth Headset for Hi-Fi Music & Super Bass",799,UBON,CL-5610,Multi,In Ear,Wireless,,,,,,,,,,,
14,Dylect in-Ear Wired Earphone I Stereo Quality Sound I High Bass I in-Built Mic I 1.2m Tangle Free Cable I 3.5mm Aux Port (Black),188,Dylect,Dylect Wired Earphone,Black,In Ear,Wired,,,,,,,,,,,
15,"ZEBRONICS Zeb-Thunder Bluetooth Wireless On Ear Headphone FM, mSD, 9 hrs Playback with Mic (Neon Yellow)",599,ZEBRONICS,Zeb-Thunder (Neon Yellow),Neon Yellow,On Ear,"Wireless, Wired",,,,,,,,,,,
16,ZEBRONICS Zeb-Bang Wireless Bluetooth On The Ear Headphone with Mic and Playback time 16 hrs (Black),"1,199",ZEBRONICS,Zeb-Bang,Black,On Ear,Wireless,,,,,,,,,,,
17,"Gaming Headset K8 with Surround Sound, Premium Wired Over Ear Gaming Headphones with Mic & LED Light, Compatible with PS5, PS4, Switch, Xbox Series X|S, PC, Laptop. (White)",827,RUNMUS GAMING,K8,Black,Over Ear,Wired,,,,,,,,,,,
18,"JBL Tune 175BT, Wireless Bluetooth in-Ear Headphone with Mic, Pure Bass Sound, 14 Hours of Playtime, Multi-Point Connectivity, Voice Assistant Support, Bluetooth 5.0 (Blue)","2,299",JBL,Tune,Blue,In Ear,Wireless,,,,,,,,,,,
19,"boAt Nirvana 751 ANC Hybrid Active Noise Cancelling Bluetooth Wireless Over Ear Headphones with Up to 65H Playtime, ASAP Charge, Ambient Sound Mode, Immersive Sound, Carry Pouch(Gunmetal Grey)","3,999",BoAt,Nirvanaa 751 ANC,Gunmetal Grey,Over Ear,Bluetooth 5.0,,,,,,,,,,,
20,"ZEBRONICS Zeb-Bro in Ear Wired Earphones with Mic, 3.5mm Audio Jack, 10mm Drivers, Phone/Tablet Compatible(Black)",149,ZEBRONICS,Zeb-Bro,Black,In Ear,Wired,,,,,,,,,,,
21,"Sony WH-XB910N Extra Bass Noise Cancelling Bluetooth Wireless Over Ear Headphones with Alexa Voice Control, Fast Pair, 30Hr Battery | Instant Bank Discount of INR 2000 on Select Prepaid transactions","14,399",Sony,WH-XB910N,Blue,Over Ear,Bluetooth,,,,,,,,,,,
22,Boult Audio Bass Buds Q2 Lightweight Stereo Wired Over Ear Headphones Set & Bassbuds Loop Wired in Ear Earphones with Mic with 12Mm Powerful Driver for Extra Bass with Customizable Ear Loop,,Boult Audio,,Black,"Over Ear, In Ear",Wired,,,,"over-ear, earhook, in-ear",,,,,,,
23,"JBL Tune 760NC,Over Ear Active Noise Cancellation Headphones with Mic,up to 50 hrs Playtime,Pure Bass,Google Fast Pair,Dual Pairing,Bluetooth 5.0,AUX & Voice Assistant Support for Mobile Phones(White)","5,499",JBL,Tune,White,Over Ear,Bluetooth 5.0,,,,,,,,,,,
24,"JBL C100SI Wired In Ear Headphones with Mic, JBL Pure Bass Sound, One Button Multi-function Remote, Premium Metallic Finish, Angled Buds for Comfort fit (Red)",599,JBL,C100SI,Red,In Ear,Wired,,,,,,,,,,,
25,(Renewed) Jabra Elite 45h Wireless On-Ear Headphone With Mic (Copper black),,Jabra,,Copper black,On Ear,Wireless,Bluetooth,,,,,,,,,,
26,"UBON Wireless Headphone with Mic, BT-5750 Oscar Series, On Ear Bluetooth Headset, Up to 8 Hrs Playtime, 40mm Driver, Hi-Fi Music & Heavy Bass, Noise Isolation, Support TF Card & AUX (White & Maroon)",999,UBON,OSCAR,White & Maroon,On Ear,Wireless,,,,,,,,,,,
27,"Gaming Headset K8 with Surround Sound, Premium Wired Over Ear Gaming Headphones with Mic & LED Light, Compatible with PS5, PS4, Switch, Xbox Series X|S, PC, Laptop. (White)",827,RUNMUS GAMING,K8,Black,Over Ear,Wired,,,,,,,,,,,
28,"GoSale Type C Earphone for Vivo V25 Pro / V 25 Pro Earphones Original Like Wired Noise Cancelling In-Ear Headphones Stereo Deep Bass Head Hands-free Headset Earbud With Type-C to 3.5mm Aux Audio Jack Built in-line Mic, Call Answer/End Button, Music (TYS, White)","1,299.",GoSale,,White TYS,In Ear,Wired,,,,"Sweatproof, Foldable, Microphone Included",,,,,,,
29,"Jabra Evolve2 40 UC Wired Headphones, USB-C, Stereo, Black – Telework Headset for Calls and Music, Enhanced All-Day Comfort, Passive Noise Cancelling Headphones, UC-Optimized with USB-C Connection","12,000",Jabra,Evolve2 40,Black,On Ear,Wired,,,,,,,,,,,
30,"Mivi Collar 2B Bluetooth Wireless in Ear Earphones, 24 Hours Playtime, IPX7 Water Proof, Booming Bass, Magnetic Buds, Bluetooth 5.0 with mic (Black)",899,Mivi,Collar 2B,Black,In Ear,Wireless,,,,,,,,,,,
31,"Mivi Collar Flash Bluetooth Wireless in Ear Earphones,24 Hours Battery Life, Booming Bass, IPX4 Sweat Proof, Passive Noise Cancellation, Bluetooth 5.0 with mic (Orange)",899,Mivi,Collar Flash,Orange,In Ear,Wireless,,,,,,,,,,,
32,"UBON Earphones with Mic, Rapper Series UB-111, in-Ear Wired Headphone with 10mm Dynamic Driver, Gives Booming Sound & Heavy Bass, L-Shaped 3.5 mm Audio Jack, Universal Compatibility (Black)",199,UBON,Rapper Series,Black,In Ear,Wired,,,,,,,,,,,
33,Jabra 40 Stereo Wired On Ear Headphones with mic Black,"10,500",Jabra,40 Stereo,Black,Over Ear,Wired,,,,,,,,,,,
34,Jabra Evolve 65 UC Bluetooth Wireless On Ear Headphone with Mic (Black),"25,900",Jabra,,black,On Ear,bluetooth,Bluetooth,,,,,,,,,,
35,"ZEBRONICS Zeb-Bro in Ear Wired Earphones with Mic, 3.5mm Audio Jack, 10mm Drivers, Phone/Tablet Compatible(Blue)",149,ZEBRONICS,ZEB-BRO,Blue,In Ear,Wired,,,,,,,,,,,
36,"Sony WH-XB910N Extra Bass Noise Cancelling Bluetooth Wireless Over Ear Headphones with Alexa Voice Control, Fast Pair, 30Hr Battery | Instant Bank Discount of INR 2000 on Select Prepaid transactions","14,399",Sony,WH-XB910N,Blue,Over Ear,Bluetooth,,,,,,,,,,,
37,Jabra EVOLVE 75 MS Stereo Bluetooth Wireless On Ear Headphones With mic Black,"33,990",Jabra,Jabra EVOLVE 75 MS Stereo BT 4:0 HD voice Headphones with link 370,Black,Over Ear,Wireless,,,,,,,,,,,
38,"Wireless Bluetooth Headphones Earphones for Oppo K10 Original Sports Bluetooth Wireless Earphone with Deep Bass and Neckband Hands-Free Call/Music, Sports Earbuds, Sweatproof Mic Headphones with Long Battery Life and Flexible Headset ( BS9,RKZ-1005,BLACK)",599,Shop Reals,Oppo K10,Mix,In Ear,Wireless,,,,,,,,,,,
39,"Logitech H390 Wired Headset, Stereo Headphones with Noise-Cancelling Microphone, USB, in-Line Controls, PC/Mac/Laptop - Black","3,964",Logitech,H390 Headset,Black,On Ear,Wired,,,,,,,,,,,
40,"Bluetooth Earphones for OnePlus Nord 2T / 2 T Earphone Original Like Bluetooth Wireless Neckband Flexible In-Ear Headphones Headset With Built-in Mic, Extra Deep Bass Hands-Free Call/Music, Sports Earbuds, Sweatproof (LVL6, Multi)",149,GoSale,,Multi-coloured,In Ear,Wireless,Bluetooth,,,,,,,,,,
41,"Sony WI-XB400 Wireless Extra Bass in-Ear Headphones with 15 hrs Battery, Quick Charge, Magnetic Earbuds, Tangle Free Cord, BT Ver 5.0, Work from home,Bluetooth Headset with Mic for Phone Calls (Black)","3,090",Sony,Headphones,Black,In Ear,Bluetooth 5.0,,,,,,,,,,,
42,"Boult Audio ZCharge 40H Playtime & Super Fast Charging, Environmental Noise Cancellation for Pro+ Calling & IPX5 Water Resistant Bluetooth Wireless in Ear Earphones with Mic (Blue)","1,199",Boult Audio,ProBass,ZCharge Blue,In Ear,Bluetooth,,,,,,,,,,,
43,"ZEBRONICS Zeb-Thunder Bluetooth Wireless Over Ear Headphone FM, mSD, 9 hrs Playback with Mic (Black)","1,099",ZEBRONICS,ZEB-Thunder,Black,Over Ear,Bluetooth 4.2,,,,,,,,,,,
44,"ZEBRONICS Zeb-Bang Pro Bluetooth Wireless On Ear Headphones with Mic V5.0, 30H Backup, Foldable, Call Function, Voice Assistant, Built-in Rechargeable Battery, Type C, 40Mm Driver and Aux (Black)","1,199",ZEBRONICS,Zeb- Bang Pro (Black),Black,On Ear,Wireless,,,,,,,,,,,
45,"Boult Audio Bass Buds Q2 Lightweight Stereo Wired Over Ear Headphones Set with Mic with Deep Bass, Comfortable Ear Cushions, & Long Cord (Black)",649,Boult Audio,BassBud,Black,Over Ear,Wired,,,,,,,,,,,
46,"UBON Bluetooth Earphone CL-351, Wireless Neckband with Up to 15 Hours Playtime, Magnetic Earbuds, 10mm Drivers, Hi-Fi Music & Bass, Ergonomic Design, Bluetooth V5.0 Headphone (Black & Yellow)",649,UBON,Black Yellow,Black,In Ear,Wireless,,,,,,,,,,,
47,"Ubon Cl-118 Bluetooth Wireless In Ear Earphones With Mic, Up To 12 Hours Playtime, Hd Sound Quality, 10Mm Driver, V5.0 Bluetooth Headset (Red)",449,UBON,Ubon Lite,Red,In Ear,Wireless,,,,,,,,,,,
48,"Wired Earphones Headphones for Samsung Galaxy A53 / A 53 5G Earphone Original Like Wired Stereo Deep Bass Head Hands-free Headset Earbud With Built in-line Mic, With Premium Quality Good Sound Call Answer/End Button, Music 3.5mm Aux Audio Jack (AK=CAB, SK15A, Black)",,Shop Reals,Samsung Galaxy A53 5G,Multicolour,In Ear,Wired,,,,,,,,,,,
49,Jabra Evolve 30 II Stero On Ear Wired Headphone with Mic (Black),"8,850",Jabra,,Black,,,,,,,FBA_5399-823-309,On Ear,Wired,,,,
50,ZEBRONICS Zeb-Duke Wireless Bluetooth Over The Ear Headphone with Mic - (Green),"1,299",ZEBRONICS,Zeb-Duke,Green,Over Ear,Wireless,,,,,,,,,,,
51,"Mivi Rock and Roll E5 Wired In Ear Earphones with HD Sound and Extra Powerful Bass with Mic, Tangle Free & Extra Length Cable | Earphones for Mobile | Black",299,Mivi,Rock and Roll E5,Black,In Ear,Wired,,,,,,,,,,,
52,"Mivi DuoPods A550 Truly Wireless in Ear Earbuds with Quad Mic ENC(Environmental Noise Cancellation), 13mm Powerful Bass, 50+ Hours of Playtime, High Audio Quality, Metallic Design (Blue)","1,499",Mivi,DuoPods A550,Blue,,,,,,,,In Ear,,Wireless,,,
53,"Boult Audio ZCharge Bluetooth Wireless in Ear Earphones with Mic, 40H Playtime and Super Fast Charging, Environmental Noise Cancellation for Pro+ Calling and IPX5 Water Resistant (Black)","1,199",Boult Audio,ProBass,ZCharge Black,In Ear,Bluetooth 5.2,,,,,,,,,,,
54,"boAt Rockerz 450 Bluetooth On Ear Headphones with Mic, Upto 15 Hours Playback, 40MM Drivers, Padded Ear Cushions, Integrated Controls and Dual Modes(Aqua Blue)","1,399",boAt,Rockerz 450,Aqua Blue,On Ear,Wireless,,,,,,,,,,,
55,"Newly Launched Boult Audio Z25 with 32H Playtime, 45ms Low Latency, Type-C Fast Charging (10=150Mins), 13mm Rich Bass Drivers, Zen™ ENC Mic, TWS Bluetooth 5.3 True Wireless Airbass Earbuds (Blue Moss)","1,298",Boult Audio,AirBass,Blue Moss,In Ear,Wireless,,,,,,,,,,,
56,"UBON Wired Headphone, GHP-333 Extreme Beats Series, On Ear Wired Headset with High Bass, HD Sound, 40mm Dynamic Driver, Inbuilt Mic for Calling, Compatible with Smartphones, Laptops & Tablets (White)",479,UBON,Extreme Beats,White,On Ear,Wired,,,,,,,,,,,
57,"JBL Free WFH, Wired Over Ear Headphones with mic for Work from Home, Conference Calls, Online Learning & Teaching, Compatible with Universal Chat Apps (Black)","2,299",JBL,Free WFH,Black,Over Ear,Wired,,,,,,,,,,,
58,"UBON Wired Earphone GP-321 OG Series in-Ear Wired Headphones with Mic, 3.5 mm Audio Jack, 1-Meter Tangle-Free Cable, 10mm Dynamic Driver, Hi-Fi Audio & Deep Bass (White)",189,UBON,OG Series,White,In Ear,Wired,,,,,,,,,,,
59,"GoSale Earphone in-Ear Headphones for Xiaomi Mi A3 Earphones Wired Stereo Bass Head Hands-Free Headsets Earbuds with Mic, Calling 3.5mm Jack",320,GoSale,,White,In Ear,Wired,,,,,,,,,,,
60,"Earphones Headphones for OnePlus 7 Pro Earphone Original Like Wired Stereo Deep Bass Head Hands-free Headset Earbud With Built in-line Mic, With Premium Quality Good Sound Call Answer/End Button, Music 3.5mm Aux Audio Jack (TYPE C AK, Black)",389,Shop Reals,OnePlus 7 Pro,Multicolour,In Ear,Wired,,,,,,,,,,,
61,"boAt Rockerz 255 Pro+ in-Ear Bluetooth Neckband with Upto 40 Hours Playback, ASAP Charge, IPX7, Dual Pairing, BT v5.0, with Mic (Active Black)","1,299",boAt,Rockerz 255 Pro+,Active Black,In Ear,Bluetooth 5.0,,,,,,,,,,,
62,"GoSale Wireless HBS Bluetooth Earphones for Xiaomi Mi Mix EVO Earphone in-Ear Headphones Headset with Microphone, Magnetic Earbuds, Extra Bass, Sports, Neck-Band, Jogger",NaN,GoSale,,Multicolour,In Ear,bluetooth,Bluetooth,,,,,,,,,,
63,"JBL Tune 710BT by Harman, 50 Hours Playtime with Quick Charging Wireless Over Ear Headphones with Mic, Dual Pairing, AUX & Voice Assistant Support for Mobile Phones (Blue)","4,499",JBL,Tune,Blue,Over Ear,Wireless,,,,,,,,,,,
64,"Earphones Headphones for vivo iQOO 7 (India) / vivo iQOO 7 Earphone Original Like Wired Stereo Deep Bass Head Hands-free Headset Earbud With Built in-line Mic, With Premium Quality Good Sound Call Answer/End Button, Music 3.5mm Aux Audio Jack (AK-C, SK14, Black) (3.5 Ampere, 1 Meter/3.3 Feet, PR50A, C TO C Red)",NaN,Shop Reals,vivo iQOO 7 (India),Multicolour,In Ear,Wired,,,,,,,,,,,
65,ZEBRONICS Zeb-Duke Bluetooth Wireless Over Ear Headphone with Mic (Blue),"1,299",ZEBRONICS,Zeb-Duke,Blue,Over Ear,Wireless,,,,,,,,,,,
66,"Earphones Headphones for vivo iQOO Neo 6 Earphone Original Like Wired Stereo Deep Bass Head Hands-free Headset Earbud With Built in-line Mic, With Premium Quality Good Sound Call Answer/End Button, Music 3.5mm Aux Audio Jack (TYPE C AK, Black)",279,Shop Reals,Vivo iQOO Neo 6,Multicolour,In Ear,Wired,,,,,,,,,,,
67,"boAt Nirvana 751 ANC Hybrid Active Noise Cancelling Bluetooth Wireless Over Ear Headphones with Up to 65H Playtime, ASAP Charge, Ambient Sound Mode, Immersive Sound, Carry Pouch(Gunmetal Grey)","3,999",boAt,Nirvanaa 751 ANC,Gunmetal Grey,Over Ear,Bluetooth 5.0,,,,,,,,,,,
68,"JBL Tune 760NC, Wireless Over Ear Active Noise Cancellation Headphones with Mic, up to 50 Hours Playtime, Pure Bass, Dual Pairing, AUX & Voice Assistant Support for Mobile Phones (Black)","4,999",JBL,Tune,Black,Over Ear,Bluetooth 5.0,,,,,,,,,,,
69,Jabra Evolve 65 MS Stereo & Link 360 Bluetooth Wireless Over Ear Headphones with mic Black,"23,090",Jabra,Jabra Evolve 65 MS Stereo & Link 360,Black,Over Ear,Wireless,,,,,,,,,,,
70,"Earphones Headphones for Xiaomi Redmi Note 8 Pro Earphone Original Like Wired Stereo Deep Bass Head Hands-free Headset Earbud With Built in-line Mic, With Premium Quality Good Sound Call Answer/End Button, Music 3.5mm Aux Audio Jack (MP8, Black)",NaN,Shop Reals,Xiaomi Redmi Note 8 Pro,Multicolour,In Ear,Wired,,,,,,,,,,,
71,"Sony WI-XB400 Wireless Extra Bass in-Ear Headphones with 15 hrs Battery, Quick Charge, Magnetic Earbuds, Tangle Free Cord, BT Ver 5.0, Work from Home,Bluetooth Headset with Mic for Phone Calls (Blue)","3,299",Sony,Headphones,Blue,In Ear,Bluetooth 5.0,,,,,,,,,,,
72,"JBL Endurance Run 2, Sports in Ear Wired Earphones with Mic, Pure Bass, Sweatproof, Flexsoft eartips, Magnetic Earbuds, Fliphook & TwistLock Technology with Voice Assistant Support for Mobiles (Blue)","1,199",JBL,ENDURANCE RUN-2,Blue,In Ear,Wired,,,,,,,,,,,
73,"Gaming Headset K8 with Surround Sound, Premium Wired Over Ear Gaming Headphones with Mic & LED Light, Compatible with PS5, PS4, Switch, Xbox Series X|S, PC, Laptop. (White)",827,RUNMUS GAMING,K8,Black,Over Ear,Wired,,,,,,,,,,,
74,"JBL Tune 700BT by Harman, 27-Hours Playtime with Quick Charging, Wireless Over Ear Headphones with Mic, Dual Pairing, AUX & Voice Assistant Support for Mobile Phones (Black)","4,499",JBL,Tune,Black,Over Ear,Wireless,,,,,,,,,,,
75,Sony Extra Bass MDR-XB450AP On-Ear Wired Headphones with Mic (Blue),"2,099",Sony,MDR-XB450AP,Blue,On Ear,Wired,,,,,,,,,,,
76,"Wireless Bluetooth Headphones Earphones for OnePlus Nord 2T Original Sports Bluetooth Wireless Earphone with Deep Bass and Neckband Hands-Free Call/Music, Sports Earbuds, Sweatproof Mic Headphones with Long Battery Life and Flexible Headset ( MP13, BT-MIX, Black)",NaN,Shop Reals,OnePlus Nord 2T,Multicolour,In Ear,Wireless,,,,,,,,,,,
77,Dylect in-Ear Wired Earphone I Stereo Quality Sound I High Bass I in-Built Mic I 1.2m Tangle Free Cable I 3.5mm Aux Port (Black),188,Dylect,Dylect Wired Earphone,Black,In Ear,Wired,,,,,,,,,,,
78,"CableCreation 3.5mm TRS Aux Cable, Braided Audio Auxiliary Input Adapter Male to Male for Car, Hi-Fi Sound, Cotton Compatible with Headphone, Galaxy S22, Phone, Home Stereo, Car Stereo&More",599,CableCreation,,"Gold, White, Black",,Auxiliary,,AUX,"Laptop, Television, Personal Computer, Smartphone",,,,,,,,
79,"GoSale Type C Earphone for Samsung Galaxy S20 5G, S20 FE, S20 Plus 5G, S20 Ultra 5G, S21 FE, S21 Ultra, S22, S22 FE, S22 Plus, S22 Ultra, S23, S23 Plus, S23 Ultra Earphones Original Like Wired Noise Cancelling In-Ear Headphones Stereo Deep Bass Head Hands-free Headset Earbud With Type-C to 3.5mm Aux Audio Jack Built in-line Mic, Call Answer/End Button, Music (TAK, Black)",,GoSale,,Black TAK,In Ear,Wired,,,,"Sweatproof, Foldable, Microphone Included",,,,,,,
80,"Boult Audio X1 Buds True Wireless in Ear Earbuds with 24H Playtime, Quad Mic ENC, Made in India, Type-C Fast Charging, Environmental Noise Cancellation, 10mm Bass Drivers, TWS Airbass ear buds (White)","1,799",Boult Audio,Bassbuds,White,In Ear,Bluetooth 5.1,,,,,,,,,,,
81,Jabra Evolve 40 Ms Stereo Wired On Ear Headphones With Mic,"12,290",Jabra,,,On Ear,Wired usb,,,,With microphone,,,,,Protective Case,,
82,"ZEBRONICS Zeb Duke 101 Wireless Headphone with Mic, Supporting Bluetooth 5.0, AUX Input Wired Mode, mSD Card Slot, Dual Pairing, On Ear & 12 hrs Play Back time,FM, Media/Call Controls (Blue)","1,379",ZEBRONICS,Zeb Duke 101 (Blue),Blue,Over Ear,Wireless,,,,,,,,,,,
83,"JBL Tune 175BT, Wireless Bluetooth in-Ear Headphone with Mic, Pure Bass Sound, 14 Hours of Playtime, Multi-Point Connectivity, Voice Assistant Support, Bluetooth 5.0 (Black)","2,299",JBL,Tune,Black,In Ear,Wireless,,,,,,,,,,,
84,"Sony WH-CH710N Active Noise Cancelling Wireless Headphones Bluetooth Over The Ear Headset with Mic for Phone-Call, 35Hrs Battery Life, Aux, Quick Charge and Google Assistant Support for Mobiles -Blue","8,990",Sony,Headphones,Blue,Over Ear,"Wireless, Bluetooth 5.0",,,,,,,,,,,
85,"boAt Rockerz 255 Pro+ in-Ear Bluetooth Neckband with Upto 40 Hours Playback, ASAP Charge, IPX7, Dual Pairing, BT v5.0, with Mic (Navy Blue)","1,299",BoAt,Rockerz 255 Pro+,Navy Blue,In Ear,Bluetooth 5.0,,,,,,,,,,,
86,"Logitech H340 Stereo Wired Over Ear Headphones With Mic With Noise-Cancelling, Usb, Pc/Mac/Laptop - Black","2,595",Logitech,l1,Black,Over Ear,Wired,,,,,,,,,,,
87,"Logitech H390 Wired Headset, Stereo Headphones with Noise-Cancelling Microphone, USB, in-Line Controls, PC/Mac/Laptop - Black","3,964",Logitech,H390 Headset,Black,On Ear,Wired,,,,,,,,,,,
88,Jabra Evolve 40 MS Wired Bluetooth On Ear Headphone with Mic (Black),"10,450",Jabra,Jabra EVOLVE 40 MS Stereo wired USB headset,Black,On Ear,USB,,,,,,,,,,,
89,"Sony WH-1000XM4 Industry Leading Wireless Noise Cancellation Bluetooth Over Ear Headphones with Mic for Phone Calls, 30 Hours Battery Life, Quick Charge, AUX, Touch Control and Voice Control - Black","22,990",Sony,Headphones,Black,Over Ear,"Wireless, Bluetooth 5.0",,,,,,,,,,,
90,"Logitech H390 Wired Headset, Stereo Headphones with Noise-Cancelling Microphone, USB, in-Line Controls, PC/Mac/Laptop - Black","3,964",Logitech,H390 Headset,Black,On Ear,Wired,,,,,,,,,,,
91,"boAt Rockerz 450 Pro Bluetooth On Ear Headphones with Mic with 70 Hours Battery, 40Mm Drivers, Bluetooth V5.0 Padded Ear Cushions, Easy Access Controls and Voice Assistant(Luscious Black)","1,999",BoAt,Rockerz 450 Pro,Luscious Black,On Ear,Wireless,,,,,,,,,,,
92,"Mivi DuoPods A350 Earbuds- 50hrs Playtime * *New Launch** True Wireless Earbuds with Rich Bass,13mm Dynamic Drivers, Fast Charging, Made in India, Half in Ear, Metallic Shades, Voice Assistant- Blue","1,299",Mivi,Duopods A40,Blue,,,,,,,,In Ear,,Wireless,,,
93,"JBL Tune 500, Wired On Ear Headphone with Mic, Headphones for Work from Home, Conference Calls, Online Learning & Teaching, Pure Bass Sound, One Button Multi-Function Remote (Black)","1,759",JBL,Tune 500,Black,On Ear,Wired,,,,,,,,,,,
94,"ZEBRONICS Zeb-Envy Bluetooth Wireless Over Ear Headphones with Mic with 33 hrs Playback time, Voice Assistant, with Detachable, Breathing RGB Lights and (Black)","1,699",ZEBRONICS,,black,Over Ear,"Wireless, Wired",Bluetooth,,,,,,,,,,
95,Dylect in-Ear Wired Earphone I Stereo Quality Sound I High Bass I in-Built Mic I 1.2m Tangle Free Cable I 3.5mm Aux Port (Black),188,Dylect,Dylect Wired Earphone,Black,In Ear,Wired,,,,,,,,,,,
96,"Logitech H390 Wired Headset, Stereo Headphones with Noise-Cancelling Microphone, USB, in-Line Controls, PC/Mac/Laptop - Black","3,964",Logitech,H390 Headset,Black,On Ear,Wired,,,,,,,,,,,
97,"boAt Rockerz 450 Bluetooth On Ear Headphones with Mic, Upto 15 Hours Playback, 40MM Drivers, Padded Ear Cushions, Integrated Controls and Dual Modes(Luscious Black)","1,399",BoAt,Rockerz 450,Luscious Black,On Ear,Wireless,,,,,,,,,,,
98,"boAt Rockerz 450 Pro Bluetooth Wireless On Ear Headphones with Mic with 70 Hours Battery, 40Mm Drivers, Bluetooth V5.0 Padded Ear Cushions, Easy Access Controls and Voice Assistant(Aqua Blue)","1,999",boAt,Rockerz 450 Pro,Aqua Blue,On Ear,Wireless,,,,,,,,,,,
99,ZEBRONICS Zeb-Duke1 Bluetooth Wireless Over Ear Headphones with Mic (Blue),999,ZEBRONICS,ZEB-DUKE1 (BLUE),Blue,Over Ear,"Wireless, Wired",,,,,,,,,,,
100,boAt Bassheads 100 in Ear Wired Earphones with Mic(Furious Red),399,BoAt,BassHeads 100,Furious Red,In Ear,Wired,,,,,,,,,,,
101,"JBL C100SI Wired In Ear Headphones with Mic, JBL Pure Bass Sound, One Button Multi-function Remote, Angled Buds for Comfort fit (Black)",599,JBL,C100SI,Black,In Ear,Wired,,,,,,,,,,,
102,boAt BassHeads 900 On-Ear Wired Headphones with Mic (White),849,boAt,BassHeads,Pearl White,On Ear,Wired,,,,,,,,,,,
103,"Mivi Collar Flash Pro Bluetooth Earphones with mic, 72 Hours Playback Time, Dual Battery, Made in India. Neckband with Powerful Bass, Rich Sound, Fast Charging, Premium Finish(Green)","1,399",Mivi,Collar Flash Pro,Green,,,,,,,,In Ear,,Wireless,,,
104,"D Earphones Headphones for Samsung Galaxy A02s ,Samsung Galaxy M21s ,Samsung Galaxy M31 Prime ,Samsung Galaxy F41 ,Samsung Galaxy Tab Active3 ,Samsung Galaxy S20 FE 5G ,Samsung Galaxy S20 FE Earphone Original Like Wired Stereo Deep Bass Head Hands-free Headset Earbud With Built in-line Mic, With Premium Quality Good Sound Call Answer/End Button, Music 3.5mm Aux Audio Jack (TYPE C MP16,AK, Black)",349,Shop Reals,Wired Earphone,Multicolour,In Ear,Wired,,,,,,,,,,,
105,"Sony Wh-Ch510 Bluetooth Wireless On Ear Headphones Up-To 35Hrs Playtime Lightweight, Type-C, Play/Pause Control, 30Mm Driver, Bt Version 5.0 & Voice Assistant Support For Mobiles, with mic - Blue","2,690",Sony,WH-CH510,Blue,On Ear,Bluetooth 5.0,,,,,,,,,,,
106,"Sony WI-C100 Wireless Headphones with Customizable Equalizer for Deep Bass & 25 Hrs Battery, DSEE-Upscale, Splash Proof, 360RA, Fast Pair, in-Ear Bluetooth Headset with mic for Phone Calls (Blue)","1,699",Sony,WI-C100,WI-C100/Blue,In Ear,Bluetooth,,,,,,,,,,,
107,"ZEBRONICS Zeb-Thunder Bluetooth Wireless Over The Ear Headphone FM, mSD, 9 hrs Playback with Mic (Blue with Red)",599,ZEBRONICS,Zeb - Thunder (Blue with red),Blue with Red,Over Ear,Wireless,,,,,,,,,,,
108,"Sony WH-XB910N Extra Bass Noise Cancelling Bluetooth Wireless Over Ear Headphones with Alexa Voice Control, Fast Pair, 30Hr Battery | Instant Bank Discount of INR 2000 on Select Prepaid transactions","14,399",Sony,WH-XB910N,Blue,Over Ear,Bluetooth,,,,,,,,,,,
109,Jabra Move Wireless Stereo Headphones - Black,"9,194",Jabra,,Black,,,,,,Wireless,,,,Wireless,,Bluetooth,
110,"Sony WH-XB910N Extra Bass Noise Cancelling Bluetooth Wireless Over Ear Headphones with Alexa Voice Control, Fast Pair, 30Hr Battery | Instant Bank Discount of INR 2000 on Select Prepaid transactions","14,399",Sony,WH-XB910N,Blue,Over Ear,Bluetooth,,,,,,,,,,,
111,"Mivi Collar Flash Pro Bluetooth Earphones with mic, 72 Hours Playback Time, Dual Battery, Made in India. Neckband with Powerful Bass, Rich Sound, Fast Charging, Premium Finish(Red)","1,399",Mivi,Collar Flash Pro,Red,,,,,,,,In Ear,,Wireless,,,
112,"Wireless Bluetooth Headphones Earphones for Xiaomi Mi 11i / Xiaomi Mi 11i Original Sports Bluetooth Wireless Earphone with Deep Bass and Neckband Hands-Free Calling inbuilt With Mic, Extra Deep Bass Hands-Free Call/Music, Sports Earbuds, Sweatproof Mic Headphones with Long Battery Life and Flexible Headset ( MP10, BLR-2, Black)",NaN,Shop Reals,Xiaomi Mi 11i,Mix,In Ear,Wireless,,,,,,,,,,,
113,"GoSale Wireless Bluetooth in-Ear Headphones for Xiaomi Mi 3 / Xiomi Mi 3 / Xiaomi Mi3 / Xiaomi Mi 3 Earphone Headset with Mic, HBS-730 Magnetic Earbuds, Neck-Band, Jogger",589,GoSale,,Multicolour,In Ear,Wireless,Bluetooth,,,,,,,,,,
114,Boult Audio BassBuds X1 in-Ear Wired Earphones with 10mm Extra Bass Driver and HD Sound with mic(Blue),329,Boult Audio,Bassbuds,Blue,In Ear,Wireless,,,,,,,,,,,
115,"Gaming Headset K8 with Surround Sound, Premium Wired Over Ear Gaming Headphones with Mic & LED Light, Compatible with PS5, PS4, Switch, Xbox Series X|S, PC, Laptop. (White)",827,RUNMUS GAMING,K8,Black,Over Ear,Wired,,,,,,,,,,,
116,"Sony WH-1000XM5 Wireless Industry Leading Active Noise Cancelling Headphones, 8 Mics for Clear Calling, 30Hr Battery, 3 Min Quick Charge = 3 Hours Playback, Multi Point Connectivity, Alexa-Silver","29,990",Sony,WH1000XM5/SMIN,Silver,Over Ear,Wireless,,,,,,,,,,,
117,Dylect in-Ear Wired Earphone I Stereo Quality Sound I High Bass I in-Built Mic I 1.2m Tangle Free Cable I 3.5mm Aux Port (Black),188,Dylect,Dylect Wired Earphone,Black,In Ear,Wired,,,,,,,,,,,
118,"boAt Nirvana 751 ANC Hybrid Active Noise Cancelling Bluetooth Wireless Over Ear Headphones with Up to 65H Playtime, ASAP Charge, Ambient Sound Mode, Immersive Sound, Carry Pouch(Gunmetal Grey)","3,999",boAt,Nirvanaa 751 ANC,Gunmetal Grey,Over Ear,Bluetooth 5.0,,,,,,,,,,,
119,"Sony WH-XB910N Extra Bass Noise Cancelling Bluetooth Wireless Over Ear Headphones with Alexa Voice Control, Fast Pair, 30Hr Battery | Instant Bank Discount of INR 2000 on Select Prepaid transactions","14,399",Sony,WH-XB910N,Blue,Over Ear,Bluetooth,,,,,,,,,,,
120,"Sony Wh-Ch510 Bluetooth Wireless On Ear Headphones Up-To 35Hrs Playtime Lightweight, Type-C, Play/Pause Control, 30Mm Driver, Bt Version 5.0 & Voice Assistant Support For Mobiles, with mic - Blue","2,690",Sony,WH-CH510,Blue,On Ear,Bluetooth 5.0,,,,,,,,,,,
121,"UBON Earphones UB 770 Universal in Ear Earphone with mic Wired with Hi-Resolution Audio Deep Bass Headphones Ergonomic Sweatproof Earbuds for All Smartphones Dynamic 10mm Driver, (Black)",229,UBON,UB-770,Black,In Ear,Wired,,,,,,,,,,,
122,"Jabra Evolve2 75 PC Wireless Headset with 8-Microphone Technology - Dual Foam Stereo Headphones with Adjustable Advanced Active Noise Cancelling, USB-C Bluetooth Adapter and UC Compatibility - Black","43,500",Jabra,Evolve2 75,Black,On Ear,Wireless,,,,,,,,,,,
123,"Gaming Headset K8 with Surround Sound, Premium Wired Over Ear Gaming Headphones with Mic & LED Light, Compatible with PS5, PS4, Switch, Xbox Series X|S, PC, Laptop. (White)",827,RUNMUS GAMING,K8,Black,Over Ear,Wired,,,,,,,,,,,
124,"ZEBRONICS Zeb-Bro in Ear Wired Earphones with Mic, 3.5mm Audio Jack, 10mm Drivers, Phone/Tablet Compatible(Red)",149,ZEBRONICS,Zeb-Bro,Red,In Ear,Wired,,,,,,,,,,,
125,"CableCreation 3.5mm TRS Aux Cable, Braided Audio Auxiliary Input Adapter Male to Male for Car, Hi-Fi Sound, Cotton Compatible with Headphone, Galaxy S22, Phone, Home Stereo, Car Stereo&More",599,CableCreation,,"Gold, White, Black",,Auxiliary,,AUX,"Laptop, Television, Personal Computer, Smartphone",,,,,,,,
126,"Boult Audio Z20 Truly Wireless in Ear Earbuds with Zen™ ENC mic, 40H Battery Life, Type-C Fast Charging, Made in India, 10mm Bass Drivers, Environmental Noise Cancellation, Bluetooth Ear Buds (Black)","1,398",Boult Audio,AirBass,Z20 Black,In Ear,Bluetooth 5.1,,,,,,,,,,,
127,"Sony WH-CH710N Active Noise Cancelling Wireless Headphones Bluetooth Over The Ear Headset with Mic for Phone-Call, 35Hrs Battery Life, Aux, Quick Charge and Google Assistant Support for Mobiles -Black","8,690",Sony,Headphones,Black,Over Ear,Bluetooth 5.0,,,,,,,,,,,
128,"JBL C50HI, Wired in Ear Headphones with Mic, One Button Multi-Function Remote, Lightweight & Comfortable fit (Blue)",499,JBL,C50HI,Blue,In Ear,3.5 mm Jack,,,,,,,,,,,
129,"UBON Bluetooth Earphone CL-395 Oman Series, Wireless Neckband with Up to 20 Hours Playtime, Magnetic Earbuds,Suports Siri & Google Assistant, v5.1 Bluetooth Headset (Black)",789,UBON,OMAN,BLACK,In Ear,Wireless,,,,,,,,,,,
130,Dylect in-Ear Wired Earphone I Stereo Quality Sound I High Bass I in-Built Mic I 1.2m Tangle Free Cable I 3.5mm Aux Port (Black),188,Dylect,Dylect Wired Earphone,Black,In Ear,Wired,,,,,,,,,,,
131,"boAt BassHeads 122 Wired in Ear Earphones with Heavy Bass, Integrated Controls and Mic (Gun Metal)",399,boAt,BassHeads,Gun Metal,In Ear,3.5 mm Jack,,,,,,,,,,,
132,"Logitech H340 Stereo Wired Over Ear Headphones With Mic With Noise-Cancelling, Usb, Pc/Mac/Laptop - Black","2,595",Logitech,l1,Black,Over Ear,Wired,,,,,,,,,,,
133,"JBL C200SI, Premium in Ear Wired Earphones with Mic, Signature Sound, One Button Multi-Function Remote, Angled Earbuds for Comfort fit (Blue)",799,JBL,C Series,Blue,In Ear,Wired,,,,,,,,,,,
134,"Wireless Bluetooth Headphones Earphones for OnePlus Nord N20 SE / OnePlus Nord N 20 SE Original Sports Bluetooth Wireless Earphone with Deep Bass and Neckband Hands-Free Call/Music, Sports Earbuds, Sweatproof Mic Headphones with Long Battery Life and Flexible Headset ( TB2,RKZ-1000,BLACK)",NaN,Shop Reals,OnePlus Nord N20 SE,Mix,In Ear,Wireless,,,,,,,,,,,
135,"Sony WH-CH710N Active Noise Cancelling Wireless Headphones Bluetooth Over The Ear Headset with Mic for Phone-Call, 35Hrs Battery Life, Aux, Quick Charge and Google Assistant Support for Mobiles -Black","8,690",Sony,Headphones,Black,Over Ear,Bluetooth 5.0,,,,,,,,,,,
136,"ZEBRONICS Zeb Buds C2 in Ear Type C Wired Earphones with Mic, Braided 1.2 Metre Cable, Metallic Design, 10mm Drivers, in Line Mic & Volume Controller (Blue)",399,ZEBRONICS,Zeb Buds C2 (Blue),Blue,In Ear,Wired,,,,,,,,,,,
137,Sony WH-CH510 Wireless Bluetooth On Ear Headphone with Mic (Blue),"2,688",Sony,WH-CH510,Blue,On Ear,Bluetooth,,,,,,,,,,,
138,"Mivi DuoPods A350 Earbuds- 50hrs Playtime True Wireless in Ear Earbuds with mic. Rich Bass, 13mm Dynamic Drivers, Fast Charging, Half in Ear, Metallic Shades, Voice Assistant-Black","1,299",Mivi,DuoPods A40,Black,,,,,,,,In Ear,,Bluetooth 5.1,,,
139,"GoSale Wireless Bluetooth Headphones Earphones for Samsung Galaxy J7 Duo, Grand Prime, J7 Prime 2, On Nxt, Grand 2, Grand Prime 4G, Grand Neo Plus, On6, Alpha, A6, Core Prime Earphone Bluetooth Wireless Neckband Flexible In-Ear Headphones Headset With Mic, Extra Deep Bass Hands-Free Call/Music, Sports Earbuds, Sweatproof (JMD9, Multi)","1,299.",GoSale,,Multicolour,In Ear,Wireless,Bluetooth,,,,,,,,,,
140,"Mivi Collar Flash Pro Bluetooth Earphones with mic, 72 Hours Playback Time, Dual Battery, Made in India. Neckband with Powerful Bass, Rich Sound, Fast Charging, Premium Finish(Grey)","1,399",Mivi,Collar Flash Pro,Grey,,,,,,,,In Ear,,Wireless,,,
141,"boAt Rockerz 450 Bluetooth On Ear Headphones with Mic, Upto 15 Hours Playback, 40MM Drivers, Padded Ear Cushions, Integrated Controls and Dual Modes(Hazel Beige)","1,399",boAt,Rockerz 450,Hazel Beige,On Ear,Wireless,,,,,,,,,,,
142,"(Renewed) boAt Rockerz 450 On-Ear Headphones with 15 Hours Battery, 40mm Drivers, Padded Ear Cushions, Easy Access Controls and Voice Assistant(Aqua Blue)",,boAt,Rockerz 450,Aqua Blue,On Ear,Wireless,,,,,,,,,,,
143,"UBON BT-5200 Bluetooth 5.0 Wireless Headphones with Hi-Fi Stereo Sound, 15Hrs Playtime, Lightweight Ergonomic Neckband, Sweat-Resistant Magnetic Earbuds, Voice Assistant & Mic (Yellow)",699,UBON,BT-5200_Y1,Yellow,In Ear,Wireless,,,,,,,,,,,
144,"boAt Rockerz 550 Over Ear Bluetooth Headphones with Upto 20 Hours Playback, 50MM Drivers, Soft Padded Ear Cushions and Physical Noise Isolation, Without Mic (Army Green)","1,999",boAt,Rockerz 550,Army Green,Over Ear,Wireless,,,,,,,,,,,
145,"boAt Airdopes 141 Bluetooth Truly Wireless in Ear Earbuds with mic, 42H Playtime, Beast Mode(Low Latency Upto 80ms) for Gaming, ENx Tech, ASAP Charge, IWP, IPX4 Water Resistance (Bold Black)",999,boAt,Airdopes 141,Bold Black,In Ear,Bluetooth 5.1,,,,,,,,,,,
146,"JBL Tune 500, Wired On Ear Headphone with Mic, Headphones for Work from Home, Conference Calls, Online Learning & Teaching, JBL Pure Bass Sound, One Button Multi-Function Remote (Blue)","1,999",JBL,Tune 500,Blue,On Ear,Wired,,,,,,,,,,,
147,"Boult Audio Probass Anchor Active Noise Cancellation Bluetooth Wireless Over Ear Headphones with Mic with 30Hrs Playtime, Extra Bass with 40 Mm Drivers (Black)","3,999",Boult Audio,ProBass Anchor,Black,Over Ear,Wireless,,,,,,,,,,,
148,"Mivi Collar 2B Bluetooth Wireless in Ear Earphones, 24 Hours Playtime, IPX7 Water Proof, Booming Bass, Magnetic Buds, Bluetooth 5.0 with mic (Blue)",799,Mivi,Collar 2B,Blue,In Ear,Wireless,,,,,,,,,,,
149,"Sony WI-C100 Wireless Headphones with Customizable Equalizer for Deep Bass & 25 Hrs Battery, DSEE-Upscale, Splash Proof, 360RA, Fast Pair, in-Ear Bluetooth Headset with mic for Phone Calls (Blue)","1,699",Sony,WI-C100,WI-C100/Blue,In Ear,Bluetooth,,,,,,,,,,,
150,"UBON Bluetooth Headphones Earphones 5.0 Wireless Headphones with Hi-Fi Stereo Sound, 12Hrs Playtime, Lightweight Ergonomic Neckband, Water-Resistant Magnetic Earbuds, Voice Assistant & Mic (Yellow)",499,UBON,Ubon Lite,Blue,In Ear,Wireless,,,,,,,,,,,
151,"GoSale Wireless Bluetooth in-Ear Headphones for Honor 7X Earphone Headset with Mic, HBS-730 Magnetic Earbuds, Neck-Band, Jogger",589,GoSale,,Multicolour,In Ear,Wireless,Bluetooth,,,,,,,,,,
152,"Earphones Headphones for OnePlus Nord 10 / 9R / 9 Pro / 8/8 Pro / 7T / 7T Pro / 7/7 Pro / 6 / 6T / 5T / 5 / 3T / 3 / Nord 2 CE Series USB 3.1 with Type C Fast Fast Charging Data Cable Charge & Data Syn Earphone Original Like Wired Stereo Deep Bass Head Hands-free Headset Earbud With Built in-line Mic, With Premium Quality Good Sound Call Answer/End Button, Music 3.5mm Aux Audio Jack (AK-C, CP14, Black)",399,Shop Reals,One Plus,Multicolour,In Ear,Wired,,,,,,,,,,,
153,"Jabra Elite 45h, On Ear Wireless Headphones with Mic, Fast Charging & Up to 50 Hours of Battery Life, Superior Sound with 40mm Speakers, Compact & Lightweight - Titanium Black, Designed in Denmark","8,810",Jabra,Elite 45h,Titanium Black,On Ear,Wireless,,,,,,,,,,,
154,Jabra Store Evolve 30 Wired On Ear Headphone with Mic (Black),"7,900",Jabra,Evolve 30,Black,On Ear,Wired,,,,,,,,,,,
155,"Jabra Evolve2 40 MS Wired Headphones, USB-C, Stereo, Black – Telework Headset for Calls and Music, Enhanced All-Day Comfort, Passive Noise Cancelling Headphones, MS-Optimized with USB-C Connection","13,790",Jabra,,Black,On Ear,Wired,,,,On-ear,,,,,,,
156,"JBL C100SI Wired In Ear Headphones with Mic, JBL Pure Bass Sound, One Button Multi-function Remote, Angled Buds for Comfort fit (Black)",599,JBL,C100SI,Black,In Ear,Wired,,,,,,,,,,,
157,"Logitech H390 Wired Headset, Stereo Headphones with Noise-Cancelling Microphone, USB, in-Line Controls, PC/Mac/Laptop - Black","3,964",Logitech,H390 Headset,Black,On Ear,Wired,,,,,,,,,,,
158,"boAt Rockerz 450 Pro Bluetooth Wireless On Ear Headphones with Mic with 70 Hours Battery, 40Mm Drivers, Bluetooth V5.0 Padded Ear Cushions, Easy Access Controls and Voice Assistant (White Purity)","1,999",boAt,Rockerz 450 Pro,White Purity,On Ear,Wireless,,,,,,,,,,,
159,"Earphones Headphones for Xiaomi Redmi Note 10S Earphone Original Like Wired Stereo Deep Bass Head Hands-free Headset Earbud With Built in-line Mic, With Premium Quality Good Sound Call Answer/End Button, Music 3.5mm Aux Audio Jack (MP13-20, Black)",330,Shop Reals,Xiaomi Redmi Note 10S,Multicolour,In Ear,Wired,,,,,,,,,,,
160,"Sony WI-C310 Wireless Headphones with 15 Hrs Battery Life, Quick Charge, Magnetic Earbuds for Tangle Free Carrying, BT ver 5.0,Work from home, In-Ear Bluetooth Headset with mic for phone calls (Black)","2,199",Sony,Headphones,Sony WI-C310/Black,In Ear,Wireless,,,,,,,,,,,
161,Dylect in-Ear Wired Earphone I Stereo Quality Sound I High Bass I in-Built Mic I 1.2m Tangle Free Cable I 3.5mm Aux Port (Black),188,Dylect,Dylect Wired Earphone,Black,In Ear,Wired,,,,,,,,,,,
162,"boAt Nirvana 751 ANC Hybrid Active Noise Cancelling Bluetooth Wireless Over Ear Headphones with Up to 65H Playtime, ASAP Charge, Ambient Sound Mode, Immersive Sound, Carry Pouch(Gunmetal Grey)","3,999",BoAt,Nirvanaa 751 ANC,Gunmetal Grey,Over Ear,Bluetooth 5.0,,,,,,,,,,,
163,"boAt Rockerz 550 Bluetooth Wireless Over Ear Headphones with Upto 20 Hours Playback, 50MM Drivers, Soft Padded Ear Cushions and Physical Noise Isolation with Mic (Black Symphony)","1,799",boAt,Rockerz 550,Black Symphony,Over Ear,Bluetooth 5.0,,,,,,,,,,,
164,ZEBRONICS Zeb-Bang Wireless Bluetooth Over The Ear Headphone with Mic and and Playback time 16 hrs (Blue),699,ZEBRONICS,Zeb-Bang,Blue,Over Ear,"Wireless, Bluetooth 5.0",,,,,,,,,,,
165,"ZEBRONICS Zeb-Thunder Wireless Bluetooth Over The Ear Headphone FM, mSD, 9 hrs Playback with Mic (Red)",599,ZEBRONICS,ZEB-Thunder,Red,Over Ear,Bluetooth 4.2,,,,,,,,,,,
166,"UBON Bluetooth Headphone with Mic, Rapstar BT-5720, On-Ear Wireless Headset with Up to 10 Hours Playtime, Support SD Card, Aux Port, 40mm Driver, Hi-Fi Music & Deep Bass (Black)","1,298",UBON,Rapstar,Black,On Ear,Wireless,,,,,,,,,,,
167,"boAt Nirvana 751 ANC Hybrid Active Noise Cancelling Bluetooth Wireless Over Ear Headphones with Up to 65H Playtime, ASAP Charge, Ambient Sound Mode, Immersive Sound, Carry Pouch(Gunmetal Grey)","3,999",boAt,Nirvanaa 751 ANC,Gunmetal Grey,Over Ear,Bluetooth 5.0,,,,,,,,,,,
168,"OnePlus Bullets Z2 Bluetooth Wireless in Ear Earphones with Mic, Bombastic Bass - 12.4 Mm Drivers, 10 Mins Charge - 20 Hrs Music, 30 Hrs Battery Life (Magico Black)","1,799",OnePlus,OnePlus Bullets Wireless Z2,Black,,,,,,,,In Ear,,"Wireless, Bluetooth v5",,,
169,Jabra Enterprise Store Evolve2 40 UC Wired On Ear Headphone with Mic (Black),"11,950",Jabra,Evolve2 40,Black,On Ear,Wired,,,,,,,,,,,
170,"Sony WH-1000XM5 Wireless Industry Leading Active Noise Cancelling Headphones, 8 Mics for Clear Calling, 30Hr Battery, 3 Min Quick Charge = 3 Hours Playback, Multi Point Connectivity, Alexa - Black","29,990",Sony,WH1000XM5/BMIN,Black,Over Ear,Wireless,,,,,,,,,,,
171,"boAt Rockerz 550 Bluetooth Wireless Over Ear Headphones with Mic Upto 20 Hours Playback, 50MM Drivers, Soft Padded Ear Cushions and Physical Noise Isolation (Red)","1,999",boAt,Rockerz 550,Red,Over Ear,Bluetooth 5.0,,,,,,,,,,,
172,"CableCreation 3.5mm TRS Aux Cable, Braided Audio Auxiliary Input Adapter Male to Male for Car, Hi-Fi Sound, Cotton Compatible with Headphone, Galaxy S22, Phone, Home Stereo, Car Stereo&More",599,CableCreation,,"Gold, White, Black",,Auxiliary,,AUX,"Laptop, Television, Personal Computer, Smartphone",,,,,,,,
173,"ZEBRONICS Zeb-Thunder Wireless Bluetooth Over The Ear Headphone FM, mSD, 9 hrs Playback with Mic (Red)",599,ZEBRONICS,ZEB-Thunder,Red,Over Ear,Bluetooth 4.2,,,,,,,,,,,
174,"Zebronics Zeb-Bang Foldable Wireless BT Headphone Comes with 40mm Drivers, AUX Connectivity, Call Function, 16Hrs* Playback time & Supports Voice Assistant (Red)",699,ZEBRONICS,Zeb-Bang,Red,Over Ear,Wireless,,,,,,,,,,,
175,"Mivi ThunderBeats 2 Upgraded Audio Bluetooth Wireless in Ear Earphones with mic, Superior Sound, Powerful Bass, 14 Hours Playtime, Comfortable Fit, Bluetooth 5.0 (Blue)",949,Mivi,ThunderBeats 2,Blue,In Ear,Wireless,,,,,,,,,,,
176,Jabra Evolve 20 Wired On Ear Headphones with mic Black,"6,300",Jabra,,,On Ear,Wired,Bluetooth,,,,,,,,Ear Cushions,,
177,"UBON Wired Headphone, GHP-333 Extreme Beats Series, On Ear Wired Headset with High Bass, HD Sound, 40mm Dynamic Driver, Inbuilt Mic for Calling, Compatible with Smartphones, Laptops & Tablets (Black)",479,UBON,Extreme Beats,Black,On Ear,Wired,,,,,,,,,,,
178,"JBL Tune 760NC, Over Ear ANC Wireless Headphones with Mic, up to 50 Hours Playtime, Pure Bass, Google Fast Pair, Dual Pairing, AUX & Voice Assistant Support for Mobile Phones (Blue)","5,359",JBL,Tune,Blue,Over Ear,Bluetooth 5.0,,,,,,,,,,,
179,"Bluetooth Earphones for OnePlus Z / One Plus Z Earphone Original Like 35 Hours Playtime Bluetooth Wireless Neckband Flexible In-Ear Headphones Headset With Mic, Extra Deep Bass Hands-Free Call/Music, Sports Earbuds, Sweatproof (L320, Multi)",NaN,GoSale,,Multi-coloured,In Ear,Wireless,Bluetooth,,,,,,,,,,
180,"Bluetooth Headphones UBON Bluetooth Earphone CL-5610 Platinum Series, Wireless Neckband with Up to 25 Hours Playtime, TF Card Slot, Magnetic Earbuds, v5.0 Bluetooth Headset for Hi-Fi Music & Super Bass",799,UBON,CL-5610,multi,In Ear,Wireless,,,,,,,,,,,
181,"Mivi Duopods A25 Bluetooth Truly Wireless in Ear Earbuds with Mic with 40Hours Battery, 13Mm Bass Drivers & Made in India. with Immersive Sound Quality, Voice Assistant, Touch Control (Black)","1,199",Mivi,TEDPMA25-BK,Black,In Ear,Wireless,,,,,,,,,,,
182,"Gaming Headset K8 with Surround Sound, Premium Wired Over Ear Gaming Headphones with Mic & LED Light, Compatible with PS5, PS4, Switch, Xbox Series X|S, PC, Laptop. (White)",827,RUNMUS GAMING,K8,Black,Over Ear,Wired,,,,,,,,,,,
183,"CableCreation 3.5mm TRS Aux Cable, Braided Audio Auxiliary Input Adapter Male to Male for Car, Hi-Fi Sound, Cotton Compatible with Headphone, Galaxy S22, Phone, Home Stereo, Car Stereo&More",599,CableCreation,,"Gold, White, Black",,Auxiliary,,AUX,"Laptop, Television, Personal Computer, Smartphone",,,,,,,,
184,"Gaming Headset K8 with Surround Sound, Premium Wired Over Ear Gaming Headphones with Mic & LED Light, Compatible with PS5, PS4, Switch, Xbox Series X|S, PC, Laptop. (White)",827,RUNMUS GAMING,K8,Black,Over Ear,Wired,,,,,,,,,,,
185,Boult Audio Bassbuds Loop Wired in Ear Earphones with Mic with 12Mm Powerful Driver for Extra Bass with Customizable Ear Loop (Black),379,Boult Audio,Loop,Black,In Ear,Wired,,,,,,,,,,,
186,Sony MDR-EX15AP EX In-Ear Wired Stereo Headphones with Mic (Black),790,Sony,MDR-EX15AP,Black,In Ear,Wired,,,,,,,,,,,
187,"ZEBRONICS Zeb Evolve Wireless Bluetooth in Ear Neckband Earphone, Rapid Charge, Dual Pairing, Magnetic earpiece,Voice Assistant with Mic (Gray)",499,ZEBRONICS,Zeb Evolve (Gray),Gray,In Ear,Bluetooth,,,,,,,,,,,
188,"UBON Bluetooth Headphone with Mic, Prime Star BT-5690, Over Ear Wireless Headset, Up to 12 Hours Playtime, 3.5mm Aux Cable, 40mm Driver, Hi-Fi Music & Deep Bass (Black)","1,479",UBON,Prime Star,Black,Over Ear,Wireless,,,,,,,,,,,
189,"Boult Audio Maverick Bluetooth Truly Wireless in Ear Earbuds with 35H Playtime, Quad Mic ENC, 45ms Xtreme Low Latency, Gaming LEDs, 10mm Bass Drivers, Type-C Fast Charging Bluetooth 5.3 TWS Ear Buds","1,799",Boult Audio,AirBass,Black,In Ear,Wireless,,,,,,,,,,,
190,"Logitech H340 Stereo Wired Over Ear Headphones With Mic With Noise-Cancelling, Usb, Pc/Mac/Laptop - Black","2,595",Logitech,L1,Black,Over Ear,Wired,,,,,,,,,,,
191,"ZEBRONICS Zeb-Envy Bluetooth Wireless Over Ear Headphones with Mic with 33 hrs Playback time, Voice Assistant, with Detachable, Breathing RGB Lights and (Black)","1,699",ZEBRONICS,,Black,Over Ear,"Wireless, Wired",Bluetooth,,,,,,,,,,
192,Jabra EVOLVE 65 UC Duo Wireless Bluetooth Headphone with Mic (Black),"23,300",Jabra,,Black,On Ear,Wireless,"Bluetooth, NFC",,,,,,,,,,
193,"Boult Audio ProBass Thunder Over-Ear Wireless Bluetooth Headphones with Mic, Headset with Long Battery Life","1,199",Boult Audio,ProBass,Black/red,Over Ear,Wireless,,,,,,,,,,,
194,Sony Extra Bass MDR-XB450AP On-Ear Wired Headphones with Mic (Black),"2,385",Sony,MDR-XB450AP,Black,On Ear,Wired,,,,,,,,,,,
195,"GoSale Earphone in-Ear Headphones for Nokia 7.1 Plus Earphones Wired Stereo Bass Head Hands-Free Headsets Earbuds with Mic, Calling 3.5mm Jack",299,GoSale,,white,In Ear,Wired,,,,,,,,,,,
196,"(Renewed) Boult Audio ProBass EQCharge with ZEN Mode ENC, 32hrs Playtime, Ultra-Fast Charging Bluetooth Headset Black, In the Ear",750,Boult Audio,ProBass EQCharge bluetooth headset-cr,Black,In Ear,Wireless,,,,,,,,,,,
197,"ZEBRONICS Zeb-Thunder PRO On-Ear Wireless Headphone with BTv5.0, Up to 21 Hours Playback, 40mm Drivers with Deep Bass, Wired Mode, USB-C Type Charging(Black)",799,ZEBRONICS,ZEB-THUNDER PRO(BLACK),black,Over Ear,Wireless,,,,,,,,,,,
198,"GoSale in-Ear Headphones YS Earphones for Samsung Galaxy J7 Prime 2 Earphone Wired Stereo Deep Bass Head Hands-Free Headset Earbud with Built in-line Mic, Calling 3.5mm Audio Jack",NaN,GoSale,,White,In Ear,Wired,,,,,,,,,,,
199,"JBL C100SI Wired In Ear Headphones with Mic, JBL Pure Bass Sound, One Button Multi-function Remote, Angled Buds for Comfort fit (Black)",599,JBL,C100SI,Black,In Ear,Wired,,,,,,,,,,,
200,Sony Premium MDR-XB55AP in-Ear Extra Bass Wired Headphones with Mic (Blue),"2,099",Sony,MDR-XB55AP,Blue,In Ear,Wired,,,,,,,,,,,
201,"Mivi DuoPods A350 True Wireless Earbuds with 50hrs Playtime, Half in Ear, 13mm Dynamic bass Drivers, Fast Charging, Metallic Shades, Made in India Bluetooth Earphone, TWS with Voice Assistant - White","1,299",Mivi,DuoPods A40,White,,,,,,,,In Ear,,Wireless,,,
202,"UBON Bluetooth Headphones Earphones 5.0 Wireless Headphones with Hi-Fi Stereo Sound, 30Hrs Playtime, Lightweight Ergonomic Neckband, Water-Resistant Magnetic Earbuds, Voice Assistant & Mic (Blue)",949,UBON,Khiladi,Grey,In Ear,Wireless,,,,,,,,,,,
203,"GoSale In-Ear Headphones Earphones for Samsung Galaxy M01 Core / M 01 Core, Samsung Galaxy J2 Core 2020, OPPO A11K / A 11 K, Tecno Spark 6 Air / Spark6 Air Earphone Wired Stereo Deep Bass Head Hands-free Headset Earbud With Built in-line Mic, Call Answer/End Button, Music 3.5mm Aux Audio Jack (YR1, White)",,GoSale,,White,In Ear,Wired,,,,,,,,,,,
204,ZEBRONICS Zeb-Duke Bluetooth Wireless Over Ear Headphone with Mic (Blue),"1,299",ZEBRONICS,Zeb-Duke,Blue,Over Ear,Wireless,,,,,,,,,,,
205,"Mivi ThunderBeats 2 Upgraded Audio Bluetooth Wireless in Ear Earphones with Superior Sound, Powerful Bass, 14 Hours Playtime, Comfortable Fit, Bluetooth 5.0 | Headphones with Mic (Red)","1,006",Mivi,ThunderBeats 2,Red,In Ear,Wireless,,,,,,,,,,,
206,"JBL C50HI, Wired in Ear Headphones with Mic, One Button Multi-Function Remote, Lightweight & Comfortable fit (Red)",499,JBL,C,Red,In Ear,Wired,,,,,,,,,,,
207,"Boult Audio Newly Launched XCharge with ENC Mic, 20H Playtime, Biggest 14.2mm Bass Drivers, Type-C Fast Charging (15Mins=15Hrs), Made in India Neckband Probass Bluetooth Wireless Earphones (Black)",899,Boult Audio,ProBass Xcharge,Black,In Ear,Wireless,,,,,,,,,,,
208,"Sony WH-XB910N Extra Bass Noise Cancelling Bluetooth Wireless Over Ear Headphones with Alexa Voice Control, Fast Pair, 30Hr Battery | Instant Bank Discount of INR 2000 on Select Prepaid transactions","14,399",Sony,WH-XB910N,Blue,Over Ear,Bluetooth,,,,,,,,,,,
209,"Mivi Collar Flash Bluetooth Wireless in Ear Earphones,24 Hours Battery Life, Booming Bass, IPX4 Sweat Proof, Passive Noise Cancellation, Bluetooth 5.0 with mic (Gray)",699,Mivi,Collar Flash,Grey,In Ear,Wireless,,,,,,,,,,,
210,Jabra Enterprise Store Evolve2 40 UC Wired On Ear Headphone with Mic (Black),"11,950",Jabra,Evolve2 40,Black,On Ear,Wired,,,,,,,,,,,
211,"boAt Nirvana 751 ANC Hybrid Active Noise Cancelling Bluetooth Wireless Over Ear Headphones with Up to 65H Playtime, ASAP Charge, Ambient Sound Mode, Immersive Sound, Carry Pouch(Gunmetal Grey)","3,999",BoAt,Nirvanaa 751 ANC,Gunmetal Grey,Over Ear,Bluetooth 5.0,,,,,,,,,,,
212,"Mivi Collar 2B Bluetooth Wireless in Ear Earphones, 24 Hours Playtime, IPX7 Water Proof, Booming Bass, Magnetic Buds, Bluetooth 5.0 with mic (Orange)",999,Mivi,Collar 2B,Orange,In Ear,Wireless,,,,,,,,,,,
213,"Mivi DuoPods A350 Earbuds- 50hrs Playtime * *New Launch** True Wireless Earbuds with Rich Bass,13mm Dynamic Drivers, Fast Charging, Made in India, Half in Ear, Metallic Shades, Voice Assistant- Grey","1,299",Mivi,Duopods A40,Space Green,,,,,,,,In Ear,,Wireless,,,
214,"Gaming Headset K8 with Surround Sound, Premium Wired Over Ear Gaming Headphones with Mic & LED Light, Compatible with PS5, PS4, Switch, Xbox Series X|S, PC, Laptop. (White)",827,RUNMUS GAMING,K8,Black,Over Ear,Wired,,,,,,,,,,,
215,"GoSale Wireless Bluetooth Headphones Earphones for Samsung Galaxy F12 / F 12 Earphone Bluetooth Wireless Neckband Flexible In-Ear Headphones Headset With Mic, Extra Deep Bass Hands-Free Call/Music, Sports Earbuds, Sweatproof (HBS2, Multi)",,GoSale,,Multicolour,In Ear,Wireless,Bluetooth,,,,,,,,,,
216,Jabra Evolve2 65 Link380a MS Bluetooth Wireless On Ear Headphone with Mic (Black),"27,000",Jabra,,Black,On Ear,Wireless,Bluetooth,,,,,,,,,,
217,"boAt Rockerz 550 Bluetooth Wireless Over Ear Headphones with Upto 20 Hours Playback, 50MM Drivers, Soft Padded Ear Cushions and Physical Noise Isolation with Mic (Black Symphony)","1,799",BoAt,Rockerz 550,Black Symphony,Over Ear,Bluetooth 5.0,,,,,,,,,,,
218,"Logitech H390 Wired Headset, Stereo Headphones with Noise-Cancelling Microphone, USB, in-Line Controls, PC/Mac/Laptop - Black","3,964",Logitech,H390 Headset,Black,On Ear,Wired,,,,,,,,,,,
219,"UBON Headphones Bluetooth Earphone CL-5610 Platinum Series, Wireless Neckband with Up to 25 Hours Playtime, TF Card Slot, Magnetic Earbuds, v5.0 Bluetooth Headset for Hi-Fi Music & Super Bass",841,UBON,CL-5610,Multi,In Ear,Wireless,,,,,,,,,,,
220,"Bluetooth Earphones for OnePlus 9 Pro Earphone Original Like 35 Hours Playtime Bluetooth Wireless Neckband Flexible In-Ear Headphones Headset With Mic, Extra Deep Bass Hands-Free Call/Music, Sports Earbuds, Sweatproof (L322, Multi)",599,GoSale,,Multi-coloured,In Ear,Wireless,Bluetooth,,,,,,,,,,
221,Jabra Evolve 40 MS Wired Bluetooth On Ear Headphone with Mic (Black),"10,450",Jabra,Jabra EVOLVE 40 MS Stereo wired USB headset,Black,On Ear,USB,,,,,,,,,,,
222,"boAt Nirvana 751 ANC Hybrid Active Noise Cancelling Bluetooth Wireless Over Ear Headphones with Up to 65H Playtime, ASAP Charge, Ambient Sound Mode, Immersive Sound, Carry Pouch(Gunmetal Grey)","3,999",BoAt,Nirvanaa 751 ANC,Gunmetal Grey,Over Ear,Bluetooth 5.0,,,,,,,,,,,
223,"JBL C100SI Wired In Ear Headphones with Mic, JBL Pure Bass Sound, One Button Multi-function Remote, Angled Buds for Comfort fit (Black)",599,JBL,C100SI,Black,In Ear,Wired,,,,,,,,,,,
224,"Logitech H340 Stereo Wired Over Ear Headphones With Mic With Noise-Cancelling, Usb, Pc/Mac/Laptop - Black","2,595",Logitech,L1,Black,Over Ear,Wired,,,,,,,,,,,
225,"UBON Earphones with Mic, Rapper 2.0 Series UB-114, in Ear Wired Headphone for Extra Bass & HD Sound, 10mm Dynamic Driver, 3.5 mm Audio Jack Compatible with Mobile Phones, Tablets & Laptops (Red)",199,UBON,Rapper 2.0,Red,In Ear,Wired,,,,,,,,,,,
226,"Boult Audio FXCharge with ENC, 32H Playtime, 5min=7H Type C Fast Charging, Zen ENC, 14.2 mm BoomX Rich Bass, IPX5, Bluetooth Wireless in Ear Earphones Neckband with mic (Black)",999,Boult Audio,ProBass,FXCharge Black,In Ear,Bluetooth 5.2,,,,,,,,,,,
227,"JBL Live 660NC, Smart Adaptive Noise Cancelling Bluetooth Wireless Over Ear Headphones with Mic up to 50 Hours Playtime with Quick Charge, Signature Sound (Blue)","9,990",JBL,Live,Blue,Over Ear,"Wireless, Wired",,,,,,,,,,,
228,"boAt Rockerz 370 On Ear Bluetooth Headphones with Upto 12 Hours Playtime, Cozy Padded Earcups and Bluetooth v5.0, with Mic (Buoyant Black)","1,399",BoAt,Rockerz 370,Buoyant Black,On Ear,Wireless,,,,,,,,,,,
229,Jabra Evolve 75 UC Wireless Bluetooth On Ear Headphones with Mic (Black),"33,000",Jabra,Jabra Evolve 75 Link 370 UC Bluetooth Wireless office headset,Black,On Ear,Wireless,,,,,,,,,,,
230,"Logitech H340 Stereo Wired Over Ear Headphones With Mic With Noise-Cancelling, Usb, Pc/Mac/Laptop - Black","2,595",Logitech,l1,Black,Over Ear,Wired,,,,,,,,,,,
231,"boAt Nirvana 751 ANC Hybrid Active Noise Cancelling Bluetooth Wireless Over Ear Headphones with Up to 65H Playtime, ASAP Charge, Ambient Sound Mode, Immersive Sound, Carry Pouch(Gunmetal Grey)","3,999",boAt,Nirvanaa 751 ANC,Gunmetal Grey,Over Ear,Bluetooth 5.0,,,,,,,,,,,
232,"GoSale Wireless Bluetooth Earphones for Xiaomi Redmi 9A / 9 A Earphone In-Ear Headphones Headset With Mic, Extra Deep Bass Hands-Free Call/Music, Sports Earbuds Flexible Neckband, Sweatproof Jogger (HBS, Multi)",699.,GoSale,,Multicolour,In Ear,Wireless,Bluetooth,,,,,,,,,,
233,Sony EX155AP Wired In Ear Headphone with Mic (Black),"1,099",Sony,,Black,In Ear,Wired,,,,Noise Cancelling,,,,,,,
234,"JBL C100SI Wired In Ear Headphones with Mic, JBL Pure Bass Sound, One Button Multi-function Remote, Angled Buds for Comfort fit (Black)",599,JBL,C100SI,Black,In Ear,Wired,,,,,,,,,,,
235,"JBL T460BT by Harman, Wireless On Ear Headphones with Mic, Pure Bass, Portable, Lightweight & Flat Foldable, Voice Assistant Support for Mobiles (Black)","2,699",JBL,Tune,Black,On Ear,Wireless,,,,,,,,,,,
236,"JBL C100SI Wired In Ear Headphones with Mic, JBL Pure Bass Sound, One Button Multi-function Remote, Angled Buds for Comfort fit (Black)",599,JBL,C100SI,Black,In Ear,Wired,,,,,,,,,,,
237,"JBL C50HI, Wired in Ear Headphones with Mic, One Button Multi-Function Remote, Lightweight & Comfortable fit (Black)",499,JBL,C50HI,Black,In Ear,3.5 mm Jack,,,,,,,,,,,
238,Dylect in-Ear Wired Earphone I Stereo Quality Sound I High Bass I in-Built Mic I 1.2m Tangle Free Cable I 3.5mm Aux Port (Black),188,Dylect,Dylect Wired Earphone,Black,In Ear,Wired,,,,,,,,,,,
239,"Sony WH-XB910N Extra Bass Noise Cancelling Bluetooth Wireless Over Ear Headphones with Alexa Voice Control, Fast Pair, 30Hr Battery | Instant Bank Discount of INR 2000 on Select Prepaid transactions","14,399",Sony,WH-XB910N,Blue,Over Ear,Bluetooth,,,,,,,,,,,
240,"Boult Audio Probass Curve Bluetooth Wireless in Ear Earphones with Mic with Ipx5 Water Resistant, 12H Battery Life & Extra Bass (Black)",899,Boult Audio,Neckband,Black,In Ear,Wireless,,,,,,,,,,,
241,"Jabra Evolve2 40 MS Wired Headphones, USB-C, Stereo, Black – Telework Headset for Calls and Music, Enhanced All-Day Comfort, Passive Noise Cancelling Headphones, MS-Optimized with USB-C Connection","13,790",Jabra,,Black,On Ear,Wired,,,,On-ear,,,,,,,
242,"Boult Audio FXCharge with ENC, 32H Playtime, 5min=7H Type C Fast Charging, Zen ENC, 14.2 mm BoomX Rich Bass, IPX5, Probass Bluetooth Wireless in Ear Earphones Neckband with mic(Green)",999,Boult Audio,ProBass,FXCharge Green,In Ear,Bluetooth 5.2,,,,,,,,,,,
243,"Bluetooth Earphones for Realme X7 Max 5G Original Sports Bluetooth Wireless Earphone with Deep Bass and Neckband Hands-Free Calling inbuilt With Mic, Extra Deep Bass Hands-Free Call/Music, Sports Earbuds, Sweatproof Mic Headphones with Long Battery Life and Flexible Headset ( CP18,RKZ-BLR4,BLACK)",599,Shop Reals,Realme X7 Max 5G,Mix,In Ear,Wireless,,,,,,,,,,,
244,"JBL Tune 215BT, 16 Hrs Playtime with Quick Charge, in Ear Bluetooth Wireless Earphones with Mic, 12.5mm Premium Earbuds with Pure Bass, BT 5.0, Dual Pairing, Type C & Voice Assistant Support (Black)","1,499",JBL,Tune,Black,In Ear,Wireless,,,,,,,,,,,
245,(Renewed) JBL C100SI Wired In Ear Headphone with Mic (Black),NaN,JBL,,Black,In Ear,Wired,Bluetooth,,,,,,,,,,
246,"(Renewed) Boult Audio ProBass Escape with 10H Playtime, Extra Deep Brass Bluetooth Headset (Black)",,Boult Audio,,Black,,,,,,,ProBass Escape Headset (Black)-cr,,Wireless,,,,Bluetooth
247,"Boult Audio Newly Launched Z40 TWS, 60H Battery Life, Zen™ ENC Mic, Made in India, Type-C Fast Charging, 10mm Bass Drivers, Low Latency Gaming, IPX5 Airbass True Wireless in Ear Earbuds TWS (Blue)","1,499",Boult Audio,AirBass,Z40 Blue,In Ear,Wireless,,,,,,,,,,,
248,"Jabra Evolve2 40 Usb-A, Ms Stereo Wired On Ear Headphones Without Mic (Black)","14,000",Jabra,Evolve2 40,Black,On Ear,Wired,,,,,,,,,,,
249,boAt BassHeads 100 in-Ear Wired Headphones with Mic (Black),399,BoAt,BassHeads 100,Black,In Ear,Wired,,,,,,,,,,,
250,"boAt Nirvana 751 ANC Hybrid Active Noise Cancelling Bluetooth Wireless Over Ear Headphones with Up to 65H Playtime, ASAP Charge, Ambient Sound Mode, Immersive Sound, Carry Pouch(Gunmetal Grey)","3,999",boAt,Nirvanaa 751 ANC,Gunmetal Grey,Over Ear,Bluetooth 5.0,,,,,,,,,,,
251,"Mivi DuoPods A550 Truly Wireless in Ear Earbuds with Quad Mic ENC(Environmental Noise Cancellation), 13mm Powerful Bass Drivers, 50+ Hours of Playtime, High Audio Quality, Metallic Design (Green)","1,499",Mivi,DuoPods A550,Mint Green,,,,,,,,In Ear,,Wireless,,,
252,"JBL C100SI Wired In Ear Headphones with Mic, JBL Pure Bass Sound, One Button Multi-function Remote, Angled Buds for Comfort fit (Black)",599,JBL,C100SI,Black,In Ear,Wired,,,,,,,,,,,
253,"Sony WI-C100 Wireless Headphones with Customizable Equalizer for Deep Bass & 25 Hrs Battery, DSEE-Upscale, Splash Proof, 360RA, Fast Pair, in-Ear Bluetooth Headset with mic for Phone Calls (Black)","1,399",Sony,WI-C100,WI-C100/Black,In Ear,Bluetooth,,,,,,,,,,,
254,"Sony WH-XB910N Extra Bass Noise Cancelling Bluetooth Wireless Over Ear Headphones with Alexa Voice Control, Fast Pair, 30Hr Battery | Instant Bank Discount of INR 2000 on Select Prepaid transactions","14,399",Sony,WH-XB910N,Blue,Over Ear,Bluetooth,,,,,,,,,,,
255,"Sony WH-XB910N Extra Bass Noise Cancelling Bluetooth Wireless Over Ear Headphones with Alexa Voice Control, Fast Pair, 30Hr Battery | Instant Bank Discount of INR 2000 on Select Prepaid transactions","14,399",Sony,WH-XB910N,Blue,Over Ear,Bluetooth,,,,,,,,,,,
256,"GoSale Wireless Bluetooth in-Ear Headphones for Oppo A57 / Oppo A 57 / Oppo A57 Earphone Headset with Mic, HBS-730 Magnetic Earbuds, Neck-Band, Jogger",589,GoSale,,Multicolour,In Ear,Wireless,Bluetooth,,,,,,,,,,
257,"Jabra Evolve2 40 UC Wired Headphones, USB-C, Stereo, Black – Telework Headset for Calls and Music, Enhanced All-Day Comfort, Passive Noise Cancelling Headphones, UC-Optimized with USB-C Connection","12,000",Jabra,Evolve2 40,Black,On Ear,Wired,,,,,,,,,,,
258,"Logitech H340 Stereo Wired Over Ear Headphones With Mic With Noise-Cancelling, Usb, Pc/Mac/Laptop - Black","2,595",Logitech,L1,Black,Over Ear,Wired,,,,,,,,,,,
259,"Earphones Headphones for Xiaomi Mi 10 Ultra Earphone Original Like Wired Stereo Deep Bass Head Hands-free Headset Earbud With Built in-line Mic, With Premium Quality Good Sound Call Answer/End Button, Music 3.5mm Aux Audio Jack (MP8, Black)",NaN,Shop Reals,Xiaomi Mi 10 Ultra,Multicolour,In Ear,Wired,,,,,,,,,,,
260,"GoSale Earphone in-Ear Headphones for Samsung Galaxy A20 Earphones Wired Stereo Bass Head Hands-Free Headsets Earbuds with Mic, Calling 3.5mm Jack",299,GoSale,,White,In Ear,Wired,,,,,,,,,,,
261,"JBL Tune 500BT by Harman Powerful Bass Wireless On-Ear Headphones with Mic, 16 Hours Playtime & Multi Connect Connectivity (Blue)","3,199",JBL,Tune,Blue,On Ear,Wireless,,,,,,,,,,,
262,boAt BassHeads 100 in-Ear Wired Headphones with Mic (White),399,BoAt,BassHeads 100,White,In Ear,Wired,,,,,,,,,,,
263,"Wireless Bluetooth Headphones Earphones for Xiaomi Mi Mix, Xiaomi Mi Mix 2S, Xiaomi MI Mix 3, Xiaomi Mi Mix 3 5G, Xiaomi Mi Note 2, Xiaomi Mi Note 3, Xiaomi Mi Pad 2, Xiaomi Mi Original Sports Bluetooth Wireless Earphone with Deep Bass and Neckband Hands-Free Calling inbuilt With Mic, Extra Deep Bass Hands-Free Call/Music, Sports Earbuds, Sweatproof Mic Headphones with Long Battery Life and Flexible Headset ( CP19,RKZ-BLR3,BLACK)",NaN,Shop Reals,Xiaomi Mi Mix,Mix,In Ear,Wireless,,,,,,,,,,,
264,"UBON Wireless Headphone with Mic, BT-5750 Oscar Series, On Ear Bluetooth Headset, Up to 8 Hrs Playtime, 40mm Driver, Hi-Fi Music & Heavy Bass, Noise Isolation, Support TF Card & AUX (White & Yellow)",999,UBON,OSCAR,White & Yellow,On Ear,Wireless,,,,,,,,,,,
265,"JBL C100SI Wired In Ear Headphones with Mic, JBL Pure Bass Sound, One Button Multi-function Remote, Angled Buds for Comfort fit (Black)",599,JBL,C100SI,Black,In Ear,Wired,,,,,,,,,,,
266,"GoSale Earphone in-Ear Headphones for Xiaomi Poco F1 Armoured Edition Earphones Wired Stereo Bass Head Hands-Free Headsets Earbuds with Mic, Calling 3.5mm Jack",299,GoSale,,White,In Ear,Wired,,,,,,,,,,,
267,Boult Audio Newly Launched Bassbuds Loop 2 Wired in Ear Earphones with Mic with 12Mm Powerful Driver for Extra Bass with Customizable Ear Loop (Black),349,Boult Audio,Loop,Black,In Ear,Wired,,,,,,,,,,,
268,"UBON Wired Headphone, UB-615 Fusion Series, On-Ear Wired Headset with Inline Microphone, Noise Isolation, 40mm Driver, Hi-Fi Music & High Bass (Black)",459,UBON,Fusion,Black,On Ear,Wired,,,,,,,,,,,
269,"boAt Rockerz 255 Pro+ in-Ear Bluetooth Neckband with Upto 40 Hours Playback, ASAP Charge, IPX7, Dual Pairing, BT v5.0, with Mic (Teal Green)","1,299",boAt,Rockerz 255 Pro+,Teal Green,In Ear,Bluetooth 5.0,,,,,,,,,,,
270,"boAt Rockerz 450 Bluetooth On Ear Headphones with Mic, Upto 15 Hours Playback, 40MM Drivers, Padded Ear Cushions, Integrated Controls and Dual Modes(Luscious Black)","1,399",BoAt,Rockerz 450,Luscious Black,On Ear,Wireless,,,,,,,,,,,
271,"JBL Tune 500BT by HarmanPowerful Bass Wireless On-Ear Headphones with Mic, 16 Hours Playtime & Multi Connect Connectivity (White)","3,299",JBL,Tune,White,With_microphone^volume_control^wireless,Wireless,,,,,,,,,,,
272,"Jabra Gn Netcom Evolve 20 Uc Duo Ms Optimized, Usb Wired On Ear Headphones With Mic, Multicolor","5,800",Jabra,,multicolour,Over Ear,Wired,,,,with microphone,,,,,,,
273,"Logitech H390 Wired Headset, Stereo Headphones with Noise-Cancelling Microphone, USB, in-Line Controls, PC/Mac/Laptop - Black","3,964",Logitech,H390 Headset,Black,On Ear,Wired,,,,,,,,,,,
274,ZEBRONICS Zeb-Duke1 Bluetooth Wireless Over Ear Headphones with Mic (Blue),999,ZEBRONICS,ZEB-DUKE1 (BLUE),Blue,Over Ear,"Wireless, Wired",,,,,,,,,,,
275,"Mivi Duopods A25 Bluetooth Truly Wireless in Ear Earbuds with Mic with 40Hours Battery, 13Mm Bass Drivers & Made in India. with Immersive Sound Quality, Voice Assistant, Touch Control (White)","1,199",Mivi,TEDPMA25-WT,White,In Ear,Wireless,,,,,,,,,,,
276,"CableCreation 3.5mm TRS Aux Cable, Braided Audio Auxiliary Input Adapter Male to Male for Car, Hi-Fi Sound, Cotton Compatible with Headphone, Galaxy S22, Phone, Home Stereo, Car Stereo&More",599,CableCreation,,"Gold, White, Black",,Auxiliary,,AUX,"Laptop, Television, Personal Computer, Smartphone",,,,,,,,
277,"Wireless Bluetooth Headphones Earphones for Oneplus 9/9 Pro/ 9R/ 8/ 8T/ Oppo X2, Reno 4 Pro, Reno 5 Pro 5G, Reno 6 5G, Reno 6 Pro 5 Original Sports Bluetooth Wireless Earphone with Deep Bass and Neckband Hands-Free Calling inbuilt With Mic, Extra Deep Bass Hands-Free Call/Music, Sports Earbuds, Sweatproof Mic Headphones with Long Battery Life and Flexible Headset ( SPT20,RKZ-335,BLACK)",449,Shop Reals,One Plus,Mix,In Ear,Wireless,,,,,,,,,,,
278,"Mivi Collar Flash Pro Bluetooth Earphones with mic, 72 Hours Playback Time, Dual Battery, Made in India. Neckband with Powerful Bass, Rich Sound, Fast Charging, Premium Finish(Black)","1,399",Mivi,Collar Flash Pro,Black,,,,,,,,In Ear,,Wireless,,,
279,"CableCreation 3.5mm TRS Aux Cable, Braided Audio Auxiliary Input Adapter Male to Male for Car, Hi-Fi Sound, Cotton Compatible with Headphone, Galaxy S22, Phone, Home Stereo, Car Stereo&More",599,CableCreation,,"Gold, White, Black",,Auxiliary,,AUX,"Laptop, Television, Personal Computer, Smartphone",,,,,,,,
280,"Logitech H390 Wired Headset, Stereo Headphones with Noise-Cancelling Microphone, USB, in-Line Controls, PC/Mac/Laptop - Black","3,964",Logitech,H390 Headset,Black,On Ear,Wired,,,,,,,,,,,
281,"Boult Audio ProBass ZCharge with ENC, 40Hrs Playtime, 10Mins=15Hrs Playtime (Type-C), Dual Pairing, Biggest 14.2mm Audio Drivers, ENC with Mic, IPX5 Bluetooth in Ear Neckband (Red)","1,199",Boult Audio,ProBass,ZCharge Red,In Ear,Bluetooth 5.2,,,,,,,,,,,
282,"Earphones Headphones for Xiaomi Mi 10i 5G Earphone Original Like Wired Stereo Deep Bass Head Hands-free Headset Earbud With Built in-line Mic, With Premium Quality Good Sound Call Answer/End Button, Music 3.5mm Aux Audio Jack (ME1, CP5, Black)",349,Shop Reals,Xiaomi Mi 10i 5G,Multicolour,In Ear,Wired,,,,,,,,,,,
283,"Earphones Headphones for vivo V21 5G / vivo V 21 5G Earphone Original Like Wired Stereo Deep Bass Head Hands-free Headset Earbud With Built in-line Mic, With Premium Quality Good Sound Call Answer/End Button, Music 3.5mm Aux Audio Jack (5200, SK2, Black)",NaN,Shop Reals,vivo V21 5G / vivo V 21 5G,Multicolour,In Ear,Wired,,,,,,,,,,,
284,"boAt Rockerz 550 Bluetooth Wireless Over Ear Headphones with Upto 20 Hours Playback, 50MM Drivers, Soft Padded Ear Cushions and Physical Noise Isolation with Mic (Maroon Maverick)","1,999",BoAt,Rockerz 550,Maroon Maverick,Over Ear,Bluetooth 5.0,,,,,,,,,,,
285,"ZEBRONICS Zeb-Thunder PRO On-Ear Wireless Headphone with BTv5.0, Up to 21 Hours Playback, 40mm Drivers with Deep Bass, Wired Mode, USB-C Type Charging(Black+Blue)",799,ZEBRONICS,ZEB-THUNDER PRO(BLUE),Blue,Over Ear,Wireless,,,,,,,,,,,
286,"Wired Earphones Headphones for vivo V25 Pro / vivo V 25 Pro Earphone Original Like Wired Stereo Deep Bass Head Hands-free Headset Earbud With Built in-line Mic, With Premium Quality Good Sound Call Answer/End Button, Music 3.5mm Aux Audio Jack (TYPE-C, MX14A, Black)",399,Shop Reals,vivo V25 Pro / vivo V 25 Pro,Multicolour,In Ear,Wired,,,,,,,,,,,
287,"UBON Bluetooth Headphones Earphones 5.0 Wireless Headphones with Hi-Fi Stereo Sound, 12Hrs Playtime, Lightweight Ergonomic Neckband, Water-Resistant Magnetic Earbuds, Voice Assistant & Mic (Black)",849,UBON,Green,Black,In Ear,Wireless,,,,,,,,,,,
288,"Boult Audio AirBass PowerBuds with 120H Total Playtime, Inbuilt Powerbank, IPX7 Fully Waterproof, Type-C Fast Charging, Low Latency Gaming, Pro Calling Mic Airbass True Wireless in Ear Earbuds (Black)","1,499",Boult Audio,AirBass,Black,In Ear,Wireless,,,,,,,,,,,
289,"GoSale In-Ear Headphones Earphones for OPPO A5s, OPPO A15, OPPO A12, OPPO A12s, OPPO A11K, OPPO A1K, OPPO A83 Earphone Original Like Wired Stereo Deep Bass Head Hands-free Headset Earbud With Built in-line Mic, Call Answer/End Button, Music 3.5mm Aux Audio Jack (EP21, Black)",199,GoSale,,Multicolor,In Ear,Wired,,,,,,,,,,,
290,"boAt Rockerz 370 On Ear Bluetooth Headphones with Upto 12 Hours Playtime, Cozy Padded Earcups and Bluetooth v5.0(Gregarious Green)","1,199",BoAt,Rockerz 370,Gregarious Green,On Ear,Wireless,,,,,,,,,,,
291,Sony MDR-EX155AP in-Ear Wired Headphones with Mic (Black),"1,099",Sony,MDR-EX155AP,Black,In Ear,Wired,,,,,,,,,,,
292,"ZEBRONICS Zeb-Thunder Wireless Bluetooth Over The Ear Headphone, FM, mSD, 9 hrs Playback with Mic (Blue)",599,ZEBRONICS,ZEB-Thunder,Blue,Over Ear,"Wireless, Wired",,,,,,,,,,,
293,"Wireless Bluetooth Headphones Earphones for vivo Y22 / vivo Y 22 Original Sports Bluetooth Wireless Earphone with Deep Bass and Neckband Hands-Free Call/Music, Sports Earbuds, Sweatproof Mic Headphones with Long Battery Life and Flexible Headset ( BS19, BT- BUDS-2 , BLACK)",599,Shop Reals,Vivo Y22,Mix,In Ear,Wireless,,,,,,,,,,,
294,Jabra Jabra Evolve 20 Wired On Ear hEadphones with microphone black,"5,770",Jabra,,black,On Ear,Wired,,,,On-ear,,,,,,,
295,"Mivi DuoPods A350 True Wireless Earbuds with 50hrs Playtime, Half in Ear, 13mm Dynamic bass Drivers, Fast Charging, Metallic Shades, Made in India Bluetooth Earphone, TWS with Voice Assistant - Green","1,299",Mivi,DuoPods A40,Mint Green,,,,,,,,In Ear,,Wireless,,,
296,"CableCreation 3.5mm TRS Aux Cable, Braided Audio Auxiliary Input Adapter Male to Male for Car, Hi-Fi Sound, Cotton Compatible with Headphone, Galaxy S22, Phone, Home Stereo, Car Stereo&More",599,CableCreation,,"Gold, White, Black",,Auxiliary,,AUX,"Laptop, Television, Personal Computer, Smartphone",,,,,,,,
297,"Boult Audio Probass Anchor Active Noise Cancellation Bluetooth Wireless Over Ear Headphones with Mic with 30Hrs Playtime, Extra Bass with 40 Mm Drivers (Black)","3,999",Boult Audio,ProBass Anchor,Black,Over Ear,Wireless,,,,,,,,,,,
298,"Wired Earphones Headphones for OnePlus 9R / OnePlus 9 R Earphone Original Like Wired Stereo Deep Bass Head Hands-free Headset Earbud With Built in-line Mic, With Premium Quality Good Sound Call Answer/End Button, Music 3.5mm Aux Audio Jack (TYPE-C, MX14A, Black)",NaN,Shop Reals,OnePlus 9R / OnePlus 9 R,Multicolour,In Ear,Wired,,,,,,,,,,,
299,"GoSale Extra Deep Bass Hands-Free Call/Music, Flexible Neckband, Sweatproof Jogger Bluetooth In-Ear Headphones Headset Earphones with Mic, for Samsung Galaxy A31/A 31 (JDM, Multicolour)",NaN,GoSale,,Multicolour,In Ear,Wireless,Bluetooth,,,,,,,,,,
300,"Earphones Headphones for Samsung Galaxy Note 20/ Note20 Ultra Earphone Original Like Wired Stereo Deep Bass Head Hands-free Headset Earbud With Built in-line Mic, With Premium Quality Good Sound Call Answer/End Button, Music 3.5mm Aux Audio Jack (TYPE C AK, Black)",399,Shop Reals,Samsung Galaxy Note 20,Multicolour,In Ear,Wired,,,,,,,,,,,
301,"ZEBRONICS Zeb-Thunder Bluetooth Wireless On Ear Headphone FM, mSD, 9 hrs Playback with Mic (Teal Green)",949,ZEBRONICS,Zeb - Thunder (Teal Green),Teal Green,On Ear,Wireless,,,,,,,,,,,
302,"Boult Audio Z20 Truly Wireless in Ear Earbuds with Zen™ ENC mic, 40H Battery Life, Type-C Fast Charging, Made in India, 10mm Bass Drivers, Environmental Noise Cancellation, Bluetooth Ear Buds (Green)","1,398",Boult Audio,AirBass,Z20 Green,In Ear,Wireless,,,,,,,,,,,
303,"JBL Tune 510BT, On Ear Wireless Headphones with Mic, up to 40 Hours Playtime, Pure Bass, Quick Charging, Dual Pairing, Bluetooth 5.0 & Voice Assistant Support for Mobile Phones (Blue)","2,999",JBL,Tune,Blue,On Ear,Wireless,,,,,,,,,,,
304,"Boult Audio Probass Curve 12H Battery Life & Extra Bass, Ipx5 Water Resistant Bluetooth Wireless in Ear Earphones with Mic (Red)",899,Boult Audio,Neckband,Red,In Ear,Wireless,,,,,,,,,,,
305,"Mivi Thunderbeats 2 Upgraded Audio Bluetooth Wireless in Ear Earphones with Mic with Superior Sound, Powerful Bass, 14 Hours Playtime, Comfortable Fit 5.0 (Green)",949,Mivi,ThunderBeats 2,Green,In Ear,Wireless,,,,,,,,,,,
306,"Boult Audio ProBass Thunder Over-Ear Wireless Bluetooth Headphones with Mic, Headset with Long Battery Life","1,199",Boult Audio,ProBass,Black/red,Over Ear,Wireless,,,,,,,,,,,
307,Jabra Biz 1100 Duo USB NC Global Wired On Ear Headphone with Mic (Black),"6,770",Jabra,1100-0150-00,Black,On Ear,usb,,,,,,,,,,,
308,"boAt Rockerz 255 Pro+ in-Ear Bluetooth Neckband with Upto 40 Hours Playback, ASAP Charge, IPX7, Dual Pairing, BT v5.0, with Mic (Teal Green)","1,299",boAt,Rockerz 255 Pro+,Teal Green,In Ear,Bluetooth 5.0,,,,,,,,,,,
309,"Boult Audio Newly Launched XCharge with ENC Mic, 20H Playtime, Biggest 14.2mm Bass Drivers, Type-C Fast Charging (15Mins=15Hrs), Made in India Neckband Probass Bluetooth Wireless Earphones (Black)",899,Boult Audio,ProBass Xcharge,Black,In Ear,Wireless,,,,,,,,,,,
310,"UBON Bluetooth Headphones Earphones 5.0 Wireless Headphones with Hi-Fi Stereo Sound, 30Hrs Playtime, Lightweight Ergonomic Neckband, Water-Resistant Magnetic Earbuds, Voice Assistant & Mic (Black)",969,UBON,Khiladi,Grey,In Ear,Wireless,,,,,,,,,,,
311,"UBON Wireless Headphone with Mic, BT-5750 Oscar Series, On Ear Bluetooth Headset, Up to 8 Hrs Playtime, 40mm Driver, Hi-Fi Music & Heavy Bass, Noise Isolation, Support TF Card & AUX (White & Red)",999,UBON,OSCAR,White & Red,On Ear,Wireless,,,,,,,,,,,
312,"Logitech H340 Stereo Wired Over Ear Headphones With Mic With Noise-Cancelling, Usb, Pc/Mac/Laptop - Black","2,595",Logitech,l1,Black,Over Ear,Wired,,,,,,,,,,,
313,"JBL C100SI Wired In Ear Headphones with Mic, JBL Pure Bass Sound, One Button Multi-function Remote, Angled Buds for Comfort fit (Black)",599,JBL,C100SI,Black,In Ear,Wired,,,,,,,,,,,
314,"Mivi DuoPods A550 Truly Wireless in Ear Earbuds with Quad Mic ENC(Environmental Noise Cancellation), 13mm Powerful Bass Drivers, 50+ Hours of Playtime, High Audio Quality, Metallic Design (White)","1,499",Mivi,Duopods A550,White,,,,,,,,In Ear,,Wireless,,,
315,"Boult Audio FXCharge with ENC, 32H Playtime, 5min=7H Type C Fast Charging, Zen ENC, 14.2 mm BoomX Rich Bass, IPX5, Probass Bluetooth Wireless in Ear Earphones Neckband with mic(Green)",999,Boult Audio,ProBass,FXCharge Green,In Ear,Bluetooth 5.2,,,,,,,,,,,
316,"Sony WI-C200 Wireless Headphones with 15 Hrs Battery Life, Quick Charge, Magnetic Earbuds for Tangle Free Carrying, BT ver 5.0,Work from home, In-Ear Bluetooth Headset with mic for phone calls (Black)","2,890",Sony,Headphones,Black,In Ear,Wireless,,,,,,,,,,,
317,"Boult Audio X1 Buds True Wireless in Ear Earbuds with 24H Playtime, Quad Mic ENC, Made in India, Type-C Fast Charging, Environmental Noise Cancellation, 10mm Bass Drivers, TWS Airbass ear buds (Black)","1,799",Boult Audio,Bassbuds,Black,In Ear,Bluetooth 5.1,,,,,,,,,,,
318,"Logitech H340 Stereo Wired Over Ear Headphones With Mic With Noise-Cancelling, Usb, Pc/Mac/Laptop - Black","2,595",Logitech,L1,Black,Over Ear,Wired,,,,,,,,,,,
319,Jabra Evolve 20 UC Stereo Wired Headset / Music Headphones (U.S. Retail Packaging),"7,950",Jabra,Evolve 20 UC - SME,Black,On Ear,Wired,,,,,,,,,,,
320,"boAt Rockerz 550 Over Ear Bluetooth Headphones with Upto 20 Hours Playback, 50MM Drivers, Soft Padded Ear Cushions and Physical Noise Isolation, Without Mic (Black)","1,999",boAt,Rockerz 550,Black,Over Ear,Wireless,,,,,,,,,,,
321,"Sony WH-XB910N Extra Bass Noise Cancelling Bluetooth Wireless Over Ear Headphones with Alexa Voice Control, Fast Pair, 30Hr Battery | Instant Bank Discount of INR 2000 on Select Prepaid transactions","12,990",Sony,WH-XB910N,Black,Over Ear,Bluetooth,,,,,,,,,,,
322,Sony WH-CH510 Bluetooth Wireless On Ear Headphones with Mic (Black),"2,890",Sony,headphones,Black,On Ear,"Wireless, Bluetooth 5.0",,,,,,,,,,,
